,level_0,index,Unnamed: 0,model_id,selected,fold,repetition,num_neurons,weight_regularization,monitored_metric,loss,epoch,activation_name,architecture_id,train_overall_acc,train_matthews_corrcoef,validation_overall_acc,validation_matthews_corrcoef,holdout_overall_acc,holdout_matthews_corrcoef,test_overall_acc,test_matthews_corrcoef,dominant_solution,mean_diffs,dataset,run,experiment,validation_loss,holdout_loss,rank,group,policy,mcdm_tuples
0,1416055,1516855,16065655,3459,False,2,2,60,5.9e-05,0.926471,0.211515,89,GELU(approximate=False),459,0.978992,0.953997,0.926471,0.84314,0.96732,0.928801,0.970588,0.938679,True,0.035013999999999955,ionosphere,17,exp0090_politica_1_oracle_1m1l,,,0.9754814780966745,Individual,TTVHC,"[('train_overall_acc', 1), ('validation_overall_acc', 1), ('holdout_overall_acc', 1), ('epoch', 1)]"
0,1419992,1520792,16069592,3885,False,6,6,86,5.7e-05,0.941176,0.222886,89,GELU(approximate=False),485,0.978992,0.953997,0.941176,0.874007,0.970588,0.935853,0.941176,0.871212,True,0.02521066666666664,ionosphere,18,exp0090_politica_1_oracle_1m1l,,,0.9841501900425632,Individual,TTVHC,"[('train_overall_acc', 1), ('validation_overall_acc', 1), ('holdout_overall_acc', 1), ('epoch', 1)]"
0,1424382,1525182,16073982,966,False,1,1,67,5.5e-05,0.955882,0.142762,88,ReLU(),166,0.97479,0.944855,0.955882,0.905068,0.970588,0.935853,0.970588,0.938679,True,0.012605333333333357,ionosphere,2,exp0090_politica_1_oracle_1m1l,,,0.9817630390728975,Individual,TTVHC,"[('train_overall_acc', 1), ('validation_overall_acc', 1), ('holdout_overall_acc', 1), ('epoch', 1)]"
0,1431854,1532654,16081454,1683,False,0,0,84,5.2e-05,0.941176,0.233976,87,LeakyReLU(negative_slope=0.01),283,0.97479,0.944667,0.941176,0.874007,0.96732,0.928414,0.941176,0.871212,True,0.022409333333333354,ionosphere,5,exp0090_politica_1_oracle_1m1l,,,0.9829177923359999,Individual,TTVHC,"[('train_overall_acc', 1), ('validation_overall_acc', 1), ('holdout_overall_acc', 1), ('epoch', 1)]"
0,1437523,1538323,16087123,3692,False,4,4,93,5.5e-05,0.941176,0.280535,89,GELU(approximate=False),492,0.978992,0.953997,0.941176,0.874007,0.970588,0.935853,0.970588,0.938679,True,0.02521066666666664,ionosphere,0,exp0090_politica_1_oracle_1m1l,,,0.9852100189068578,Individual,TTVHC,"[('train_overall_acc', 1), ('validation_overall_acc', 1), ('holdout_overall_acc', 1), ('epoch', 1)]"
0,1441808,1542608,16091408,3591,False,3,3,92,5.4e-05,0.941176,0.169611,89,GELU(approximate=False),491,0.966387,0.926652,0.941176,0.871212,0.960784,0.913908,0.970588,0.938679,True,0.016807333333333323,ionosphere,13,exp0090_politica_1_oracle_1m1l,,,0.9769810159650308,Individual,TTVHC,"[('train_overall_acc', 1), ('validation_overall_acc', 1), ('holdout_overall_acc', 1), ('epoch', 1)]"
0,1449215,1550015,16098815,3765,False,5,5,66,6e-05,0.926471,0.269008,89,GELU(approximate=False),465,0.97479,0.944855,0.926471,0.84314,0.964052,0.921765,0.970588,0.938679,True,0.03221266666666667,ionosphere,14,exp0090_politica_1_oracle_1m1l,,,0.9822366235367458,Individual,TTVHC,"[('train_overall_acc', 1), ('validation_overall_acc', 1), ('holdout_overall_acc', 1), ('epoch', 1)]"
0,1453736,1554536,16103336,1981,False,3,3,82,5e-05,0.941176,0.18247,89,LeakyReLU(negative_slope=0.01),281,0.978992,0.953997,0.941176,0.874007,0.970588,0.935853,0.970588,0.938679,True,0.02521066666666664,ionosphere,11,exp0090_politica_1_oracle_1m1l,,,0.973882718061873,Individual,TTVHC,"[('train_overall_acc', 1), ('validation_overall_acc', 1), ('holdout_overall_acc', 1), ('epoch', 1)]"
0,1456789,1557589,16106389,3281,False,0,0,82,5.7e-05,0.970588,0.115764,88,GELU(approximate=False),481,0.97479,0.944855,0.970588,0.936382,0.973856,0.942921,0.970588,0.938679,True,0.002801333333333359,ionosphere,4,exp0090_politica_1_oracle_1m1l,,,0.9883222561395354,Individual,TTVHC,"[('train_overall_acc', 1), ('validation_overall_acc', 1), ('holdout_overall_acc', 1), ('epoch', 1)]"
0,1462260,1563060,16111860,2368,False,7,7,69,5.2e-05,0.955882,0.169912,88,LeakyReLU(negative_slope=0.01),268,0.962185,0.91707,0.955882,0.902963,0.960784,0.913908,0.941176,0.871212,True,0.004201999999999965,ionosphere,8,exp0090_politica_1_oracle_1m1l,,,0.9763290280468513,Individual,TTVHC,"[('train_overall_acc', 1), ('validation_overall_acc', 1), ('holdout_overall_acc', 1), ('epoch', 1)]"
0,1467807,1568607,16117407,2198,False,5,5,99,4.9e-05,0.970588,0.15056,87,LeakyReLU(negative_slope=0.01),298,0.97479,0.944855,0.970588,0.936382,0.973856,0.942921,0.970588,0.938679,True,0.002801333333333359,ionosphere,10,exp0090_politica_1_oracle_1m1l,,,0.9848269433208158,Individual,TTVHC,"[('train_overall_acc', 1), ('validation_overall_acc', 1), ('holdout_overall_acc', 1), ('epoch', 1)]"
0,1473365,1574165,16122965,3998,False,7,7,99,5.1e-05,0.970588,0.115499,88,GELU(approximate=False),498,0.966387,0.926243,0.970588,0.936382,0.96732,0.928414,0.970588,0.938679,True,0.0028006666666666735,ionosphere,7,exp0090_politica_1_oracle_1m1l,,,0.9787322835017128,Individual,TTVHC,"[('train_overall_acc', 1), ('validation_overall_acc', 1), ('holdout_overall_acc', 1), ('epoch', 1)]"
0,1480773,1581573,16130373,2094,False,4,4,95,5e-05,0.941176,0.2602,89,LeakyReLU(negative_slope=0.01),294,0.97479,0.944667,0.941176,0.874007,0.96732,0.928414,0.970588,0.938679,True,0.022409333333333354,ionosphere,12,exp0090_politica_1_oracle_1m1l,,,0.9897612185984627,Individual,TTVHC,"[('train_overall_acc', 1), ('validation_overall_acc', 1), ('holdout_overall_acc', 1), ('epoch', 1)]"
0,1486126,1586926,16135726,1299,False,4,4,100,5e-05,0.955882,0.157389,88,ReLU(),199,0.97479,0.944667,0.955882,0.902963,0.970588,0.935415,0.970588,0.938679,True,0.012605333333333357,ionosphere,3,exp0090_politica_1_oracle_1m1l,,,0.9843580567198497,Individual,TTVHC,"[('train_overall_acc', 1), ('validation_overall_acc', 1), ('holdout_overall_acc', 1), ('epoch', 1)]"
0,1490726,1591526,16140326,1092,False,2,2,93,5.1e-05,0.970588,0.18582,86,ReLU(),192,0.97479,0.944855,0.970588,0.936382,0.980392,0.957105,0.941176,0.871212,True,0.0065360000000000236,ionosphere,15,exp0090_politica_1_oracle_1m1l,,,0.9787559367797292,Individual,TTVHC,"[('train_overall_acc', 1), ('validation_overall_acc', 1), ('holdout_overall_acc', 1), ('epoch', 1)]"
0,1496592,1597392,16146192,1979,False,3,3,80,5.4e-05,0.955882,0.178486,89,LeakyReLU(negative_slope=0.01),279,0.97479,0.944667,0.955882,0.905068,0.970588,0.935533,0.941176,0.871212,True,0.012605333333333357,ionosphere,1,exp0090_politica_1_oracle_1m1l,,,0.9874100603881489,Individual,TTVHC,"[('train_overall_acc', 1), ('validation_overall_acc', 1), ('holdout_overall_acc', 1), ('epoch', 1)]"
0,1502733,1603533,16152333,2386,False,7,7,87,5.2e-05,0.955882,0.159723,89,LeakyReLU(negative_slope=0.01),286,0.978992,0.95392,0.955882,0.905068,0.973856,0.942668,0.970588,0.938679,True,0.015406666666666643,ionosphere,16,exp0090_politica_1_oracle_1m1l,,,0.9747954888422559,Individual,TTVHC,"[('train_overall_acc', 1), ('validation_overall_acc', 1), ('holdout_overall_acc', 1), ('epoch', 1)]"
0,1508628,1609428,16158228,1186,False,3,3,87,5e-05,0.941176,0.202929,88,ReLU(),186,0.978992,0.95392,0.941176,0.870603,0.970588,0.935415,0.941176,0.871212,True,0.02521066666666664,ionosphere,6,exp0090_politica_1_oracle_1m1l,,,0.986211053667132,Individual,TTVHC,"[('train_overall_acc', 1), ('validation_overall_acc', 1), ('holdout_overall_acc', 1), ('epoch', 1)]"
0,1516454,1617254,16166054,2099,False,4,4,100,4.4e-05,0.835526,0.397985,85,LeakyReLU(negative_slope=0.01),299,0.793233,0.524338,0.835526,0.624089,0.805556,0.552995,0.776316,0.484757,True,0.02819533333333335,diabetes,17,exp0090_politica_1_oracle_1m1l,,,0.9445610073135956,Individual,TTVHC,"[('train_overall_acc', 1), ('validation_overall_acc', 1), ('holdout_overall_acc', 1), ('epoch', 1)]"
0,1521228,1622028,16170828,2291,False,6,6,92,4.7e-05,0.828947,0.450309,88,LeakyReLU(negative_slope=0.01),291,0.800752,0.542096,0.828947,0.613943,0.805556,0.554887,0.763158,0.457055,True,0.018796666666666646,diabetes,18,exp0090_politica_1_oracle_1m1l,,,0.9792903947279548,Individual,TTVHC,"[('train_overall_acc', 1), ('validation_overall_acc', 1), ('holdout_overall_acc', 1), ('epoch', 1)]"
0,1527067,1627867,16176667,2089,False,4,4,90,4.8e-05,0.855263,0.388565,88,LeakyReLU(negative_slope=0.01),289,0.808271,0.561317,0.855263,0.67361,0.818713,0.586566,0.75,0.430552,True,0.03132800000000002,diabetes,2,exp0090_politica_1_oracle_1m1l,,,0.9782646201362223,Individual,TTVHC,"[('train_overall_acc', 1), ('validation_overall_acc', 1), ('holdout_overall_acc', 1), ('epoch', 1)]"
0,1533666,1634466,16183266,1798,False,1,1,99,4.6e-05,0.881579,0.355112,89,LeakyReLU(negative_slope=0.01),298,0.785714,0.509474,0.881579,0.732848,0.809942,0.564923,0.776316,0.507835,True,0.06390999999999998,diabetes,5,exp0090_politica_1_oracle_1m1l,,,0.9670555137273227,Individual,TTVHC,"[('train_overall_acc', 1), ('validation_overall_acc', 1), ('holdout_overall_acc', 1), ('epoch', 1)]"
0,1537281,1638081,16186881,1949,False,3,3,50,5.3e-05,0.822368,0.403634,89,LeakyReLU(negative_slope=0.01),249,0.796992,0.535005,0.822368,0.595548,0.804094,0.551705,0.776316,0.490925,True,0.0169173333333333,diabetes,0,exp0090_politica_1_oracle_1m1l,,,0.963502931277023,Individual,TTVHC,"[('train_overall_acc', 1), ('validation_overall_acc', 1), ('holdout_overall_acc', 1), ('epoch', 1)]"
0,1544044,1644844,16193644,2390,False,7,7,91,4.5e-05,0.789474,0.45308,87,LeakyReLU(negative_slope=0.01),290,0.819549,0.586823,0.789474,0.511435,0.812865,0.570217,0.776316,0.484757,True,0.020049999999999974,diabetes,13,exp0090_politica_1_oracle_1m1l,,,0.9199099324676079,Individual,TTVHC,"[('train_overall_acc', 1), ('validation_overall_acc', 1), ('holdout_overall_acc', 1), ('epoch', 1)]"
0,1548189,1648989,16197789,837,False,0,0,38,5.1e-05,0.809211,0.429835,85,ReLU(),137,0.787594,0.512005,0.809211,0.567732,0.79386,0.527583,0.776316,0.484757,True,0.014411333333333332,diabetes,14,exp0090_politica_1_oracle_1m1l,,,0.9389925400216441,Individual,TTVHC,"[('train_overall_acc', 1), ('validation_overall_acc', 1), ('holdout_overall_acc', 1), ('epoch', 1)]"
0,1556020,1656820,16205620,3430,False,2,2,31,5.6e-05,0.881579,0.393871,89,GELU(approximate=False),430,0.781955,0.495281,0.881579,0.73659,0.804094,0.548371,0.789474,0.51382,True,0.06641600000000003,diabetes,11,exp0090_politica_1_oracle_1m1l,,,0.96560507940734,Individual,TTVHC,"[('train_overall_acc', 1), ('validation_overall_acc', 1), ('holdout_overall_acc', 1), ('epoch', 1)]"
0,1557899,1658699,16207499,2043,False,4,4,44,5.2e-05,0.809211,0.47005,86,LeakyReLU(negative_slope=0.01),243,0.798872,0.540397,0.809211,0.561598,0.798246,0.538595,0.763158,0.450836,True,0.007310000000000001,diabetes,4,exp0090_politica_1_oracle_1m1l,,,0.952129299345779,Individual,TTVHC,"[('train_overall_acc', 1), ('validation_overall_acc', 1), ('holdout_overall_acc', 1), ('epoch', 1)]"
0,1562782,1663582,16212382,2395,False,7,7,96,4.7e-05,0.809211,0.458202,89,LeakyReLU(negative_slope=0.01),295,0.81203,0.569591,0.809211,0.560395,0.811404,0.567148,0.75,0.439632,True,0.001879333333333344,diabetes,8,exp0090_politica_1_oracle_1m1l,,,0.9599036633566869,Individual,TTVHC,"[('train_overall_acc', 1), ('validation_overall_acc', 1), ('holdout_overall_acc', 1), ('epoch', 1)]"
0,1571515,1672315,16221115,891,False,0,0,92,4.4e-05,0.828947,0.424032,88,ReLU(),191,0.804511,0.550975,0.828947,0.609943,0.809942,0.564177,0.776316,0.484757,True,0.016290666666666676,diabetes,10,exp0090_politica_1_oracle_1m1l,,,0.9717343493118834,Individual,TTVHC,"[('train_overall_acc', 1), ('validation_overall_acc', 1), ('holdout_overall_acc', 1), ('epoch', 1)]"
0,1574781,1675581,16224381,2270,False,6,6,71,4.6e-05,0.802632,0.427874,89,LeakyReLU(negative_slope=0.01),270,0.81203,0.569139,0.802632,0.544211,0.811404,0.56687,0.736842,0.3959,True,0.006265333333333345,diabetes,7,exp0090_politica_1_oracle_1m1l,,,0.9709937808363666,Individual,TTVHC,"[('train_overall_acc', 1), ('validation_overall_acc', 1), ('holdout_overall_acc', 1), ('epoch', 1)]"
0,1583998,1684798,16233598,2366,False,7,7,67,4.7e-05,0.835526,0.424277,89,LeakyReLU(negative_slope=0.01),266,0.796992,0.533771,0.835526,0.624089,0.80848,0.560233,0.763158,0.457055,True,0.025689333333333304,diabetes,12,exp0090_politica_1_oracle_1m1l,,,0.9728304836521623,Individual,TTVHC,"[('train_overall_acc', 1), ('validation_overall_acc', 1), ('holdout_overall_acc', 1), ('epoch', 1)]"
0,1584855,1685655,16234455,1562,False,7,7,63,4.7e-05,0.809211,0.481025,82,ReLU(),162,0.808271,0.560785,0.809211,0.561598,0.80848,0.560919,0.763158,0.457055,True,0.0006266666666667012,diabetes,3,exp0090_politica_1_oracle_1m1l,,,0.8957267532339438,Individual,TTVHC,"[('train_overall_acc', 1), ('validation_overall_acc', 1), ('holdout_overall_acc', 1), ('epoch', 1)]"
0,1592251,1693051,16241851,1595,False,7,7,96,4.5e-05,0.815789,0.434003,88,ReLU(),195,0.804511,0.55054,0.815789,0.581484,0.807018,0.557678,0.815789,0.579365,True,0.0075186666666666735,diabetes,15,exp0090_politica_1_oracle_1m1l,,,0.9079696870107907,Individual,TTVHC,"[('train_overall_acc', 1), ('validation_overall_acc', 1), ('holdout_overall_acc', 1), ('epoch', 1)]"
0,1598907,1699707,16248507,1397,False,5,5,98,4.6e-05,0.789474,0.480588,88,ReLU(),197,0.81203,0.570629,0.789474,0.51241,0.809942,0.564536,0.736842,0.3959,True,0.015037333333333347,diabetes,1,exp0090_politica_1_oracle_1m1l,,,0.9656685098016405,Individual,TTVHC,"[('train_overall_acc', 1), ('validation_overall_acc', 1), ('holdout_overall_acc', 1), ('epoch', 1)]"
0,1605557,1706357,16255157,1791,False,1,1,92,4.7e-05,0.835526,0.438443,81,LeakyReLU(negative_slope=0.01),291,0.806391,0.556652,0.835526,0.624089,0.812865,0.571395,0.776316,0.498664,True,0.019423333333333348,diabetes,16,exp0090_politica_1_oracle_1m1l,,,0.9165020199407242,Individual,TTVHC,"[('train_overall_acc', 1), ('validation_overall_acc', 1), ('holdout_overall_acc', 1), ('epoch', 1)]"
0,1609363,1710163,16258963,1082,False,2,2,83,4.7e-05,0.822368,0.464346,89,ReLU(),182,0.804511,0.552547,0.822368,0.592425,0.807018,0.557678,0.776316,0.484757,True,0.011904666666666675,diabetes,6,exp0090_politica_1_oracle_1m1l,,,0.9246497528899255,Individual,TTVHC,"[('train_overall_acc', 1), ('validation_overall_acc', 1), ('holdout_overall_acc', 1), ('epoch', 1)]"
0,1614288,1715088,16263888,2284,False,6,6,85,4.8e-05,0.919118,0.245707,87,LeakyReLU(negative_slope=0.01),284,0.911765,0.821856,0.919118,0.837654,0.913399,0.825345,0.852941,0.701754,True,0.004901999999999962,Australian,17,exp0090_politica_1_oracle_1m1l,,,0.9797864282486489,Individual,TTVHC,"[('train_overall_acc', 1), ('validation_overall_acc', 1), ('holdout_overall_acc', 1), ('epoch', 1)]"
0,1619003,1719803,16268603,2162,False,5,5,63,5.4e-05,0.919118,0.313499,86,LeakyReLU(negative_slope=0.01),262,0.913866,0.826289,0.919118,0.836345,0.915033,0.828801,0.867647,0.730961,True,0.0035013333333333563,Australian,18,exp0090_politica_1_oracle_1m1l,,,0.9707530715409229,Individual,TTVHC,"[('train_overall_acc', 1), ('validation_overall_acc', 1), ('holdout_overall_acc', 1), ('epoch', 1)]"
0,1624153,1724953,16273753,1881,False,2,2,82,4.9e-05,0.919118,0.281343,89,LeakyReLU(negative_slope=0.01),281,0.918067,0.83519,0.919118,0.836345,0.918301,0.835407,0.852941,0.701754,True,0.0007006666666666828,Australian,2,exp0090_politica_1_oracle_1m1l,,,0.9866825130214352,Individual,TTVHC,"[('train_overall_acc', 1), ('validation_overall_acc', 1), ('holdout_overall_acc', 1), ('epoch', 1)]"
0,1630735,1731535,16280335,1765,False,1,1,66,5.1e-05,0.911765,0.265685,88,LeakyReLU(negative_slope=0.01),265,0.905462,0.808933,0.911765,0.829288,0.906863,0.812453,0.852941,0.701754,True,0.004202000000000039,Australian,5,exp0090_politica_1_oracle_1m1l,,,0.9616062122132407,Individual,TTVHC,"[('train_overall_acc', 1), ('validation_overall_acc', 1), ('holdout_overall_acc', 1), ('epoch', 1)]"
0,1637976,1738776,16287576,1992,False,3,3,93,5e-05,0.904412,0.263345,86,LeakyReLU(negative_slope=0.01),292,0.920168,0.839658,0.904412,0.810042,0.918301,0.836098,0.852941,0.701754,True,0.010503999999999994,Australian,0,exp0090_politica_1_oracle_1m1l,,,0.972181925768644,Individual,TTVHC,"[('train_overall_acc', 1), ('validation_overall_acc', 1), ('holdout_overall_acc', 1), ('epoch', 1)]"
0,1640928,1741728,16290528,1331,False,5,5,32,6.2e-05,0.904412,0.313545,88,ReLU(),131,0.905462,0.809722,0.904412,0.807956,0.905229,0.809327,0.838235,0.673374,True,0.000699999999999997,Australian,13,exp0090_politica_1_oracle_1m1l,,,0.955031454590589,Individual,TTVHC,"[('train_overall_acc', 1), ('validation_overall_acc', 1), ('holdout_overall_acc', 1), ('epoch', 1)]"
0,1646515,1747315,16296115,1061,False,2,2,62,5.3e-05,0.919118,0.304804,89,ReLU(),161,0.918067,0.83519,0.919118,0.835943,0.918301,0.834859,0.838235,0.673374,True,0.0007006666666666828,Australian,14,exp0090_politica_1_oracle_1m1l,,,0.971953776471873,Individual,TTVHC,"[('train_overall_acc', 1), ('validation_overall_acc', 1), ('holdout_overall_acc', 1), ('epoch', 1)]"
0,1653605,1754405,16303205,2179,False,5,5,80,5.1e-05,0.926471,0.24527,87,LeakyReLU(negative_slope=0.01),279,0.915966,0.831171,0.926471,0.851775,0.918301,0.835734,0.838235,0.673374,True,0.007003333333333399,Australian,11,exp0090_politica_1_oracle_1m1l,,,0.973224657905332,Individual,TTVHC,"[('train_overall_acc', 1), ('validation_overall_acc', 1), ('holdout_overall_acc', 1), ('epoch', 1)]"
0,1658229,1759029,16307829,1266,False,4,4,67,5.5e-05,0.919118,0.306826,88,ReLU(),166,0.915966,0.830355,0.919118,0.836345,0.916667,0.831677,0.882353,0.761404,True,0.0021013333333333626,Australian,4,exp0090_politica_1_oracle_1m1l,,,0.9719946288769582,Individual,TTVHC,"[('train_overall_acc', 1), ('validation_overall_acc', 1), ('holdout_overall_acc', 1), ('epoch', 1)]"
0,1663360,1764160,16312960,3456,False,2,2,57,5.8e-05,0.904412,0.290838,87,GELU(approximate=False),456,0.905462,0.81074,0.904412,0.80589,0.905229,0.809327,0.838235,0.673374,True,0.000699999999999997,Australian,8,exp0090_politica_1_oracle_1m1l,,,0.9638612056473796,Individual,TTVHC,"[('train_overall_acc', 1), ('validation_overall_acc', 1), ('holdout_overall_acc', 1), ('epoch', 1)]"
0,1670548,1771348,16320148,3516,False,3,3,17,7.4e-05,0.911765,0.282469,88,GELU(approximate=False),416,0.894958,0.788739,0.911765,0.823746,0.898693,0.796506,0.852941,0.701754,True,0.011204666666666677,Australian,10,exp0090_politica_1_oracle_1m1l,,,0.9624628678480044,Individual,TTVHC,"[('train_overall_acc', 1), ('validation_overall_acc', 1), ('holdout_overall_acc', 1), ('epoch', 1)]"
0,1677213,1778013,16326813,879,False,0,0,80,5.3e-05,0.911765,0.251076,88,ReLU(),179,0.92437,0.847718,0.911765,0.823746,0.921569,0.842336,0.867647,0.730961,True,0.008403333333333318,Australian,7,exp0090_politica_1_oracle_1m1l,,,0.9786535024889627,Individual,TTVHC,"[('train_overall_acc', 1), ('validation_overall_acc', 1), ('holdout_overall_acc', 1), ('epoch', 1)]"
0,1685000,1785800,16334600,1477,False,6,6,78,5.1e-05,0.889706,0.34571,88,ReLU(),177,0.922269,0.843679,0.889706,0.783205,0.916667,0.833413,0.867647,0.732841,True,0.02170866666666667,Australian,12,exp0090_politica_1_oracle_1m1l,,,0.9666788590082764,Individual,TTVHC,"[('train_overall_acc', 1), ('validation_overall_acc', 1), ('holdout_overall_acc', 1), ('epoch', 1)]"
0,1686723,1787523,16336323,1168,False,3,3,69,5.4e-05,0.911765,0.284055,88,ReLU(),168,0.915966,0.830355,0.911765,0.823746,0.915033,0.828801,0.838235,0.673374,True,0.0028006666666665994,Australian,3,exp0090_politica_1_oracle_1m1l,,,0.9723627054523741,Individual,TTVHC,"[('train_overall_acc', 1), ('validation_overall_acc', 1), ('holdout_overall_acc', 1), ('epoch', 1)]"
0,1693319,1794119,16342919,2118,False,5,5,19,6.9e-05,0.911765,0.278631,87,LeakyReLU(negative_slope=0.01),218,0.90126,0.800803,0.911765,0.821271,0.903595,0.804752,0.852941,0.701754,True,0.007003333333333399,Australian,15,exp0090_politica_1_oracle_1m1l,,,0.9628026388191466,Individual,TTVHC,"[('train_overall_acc', 1), ('validation_overall_acc', 1), ('holdout_overall_acc', 1), ('epoch', 1)]"
0,1701756,1802556,16351356,1879,False,2,2,80,5e-05,0.882353,0.290075,87,LeakyReLU(negative_slope=0.01),279,0.918067,0.83519,0.882353,0.764408,0.910131,0.819411,0.852941,0.705071,True,0.023809333333333276,Australian,1,exp0090_politica_1_oracle_1m1l,,,0.9577037846046214,Individual,TTVHC,"[('train_overall_acc', 1), ('validation_overall_acc', 1), ('holdout_overall_acc', 1), ('epoch', 1)]"
0,1704306,1805106,16353906,875,False,0,0,76,5.1e-05,0.904412,0.253639,86,ReLU(),175,0.913866,0.826289,0.904412,0.80589,0.915033,0.828021,0.852941,0.701754,True,0.007080666666666661,Australian,16,exp0090_politica_1_oracle_1m1l,,,0.9623686724581272,Individual,TTVHC,"[('train_overall_acc', 1), ('validation_overall_acc', 1), ('holdout_overall_acc', 1), ('epoch', 1)]"
0,1710339,1811139,16359939,3688,False,4,4,89,5.2e-05,0.919118,0.242941,88,GELU(approximate=False),488,0.907563,0.814705,0.919118,0.837654,0.910131,0.8198,0.838235,0.673374,True,0.007703333333333322,Australian,6,exp0090_politica_1_oracle_1m1l,,,0.9731463649595381,Individual,TTVHC,"[('train_overall_acc', 1), ('validation_overall_acc', 1), ('holdout_overall_acc', 1), ('epoch', 1)]"
0,1713867,1814667,16363467,1475,False,6,6,76,0.000129,0.967836,0.133108,89,ReLU(),175,0.964912,0.92195,0.967836,0.928367,0.964912,0.921869,0.959064,0.90743,True,0.0019493333333333585,car(3),17,exp0090_politica_1_oracle_1m1l,,,0.9917086808854727,Individual,TTVHC,"[('train_overall_acc', 1), ('validation_overall_acc', 1), ('holdout_overall_acc', 1), ('epoch', 1)]"
0,1723757,1824557,16373357,1283,False,4,4,84,0.000116,0.973684,0.132142,89,ReLU(),183,0.953216,0.89586,0.973684,0.941271,0.957765,0.90585,0.959064,0.908362,True,0.013645333333333362,car(3),18,exp0090_politica_1_oracle_1m1l,,,0.9871800212681318,Individual,TTVHC,"[('train_overall_acc', 1), ('validation_overall_acc', 1), ('holdout_overall_acc', 1), ('epoch', 1)]"
0,1724901,1825701,16374501,2383,False,7,7,84,0.00012,0.959064,0.140515,89,LeakyReLU(negative_slope=0.01),283,0.959064,0.909178,0.959064,0.909113,0.959714,0.910587,0.959064,0.908362,True,0.0004333333333332856,car(3),2,exp0090_politica_1_oracle_1m1l,,,0.9867520728413806,Individual,TTVHC,"[('train_overall_acc', 1), ('validation_overall_acc', 1), ('holdout_overall_acc', 1), ('epoch', 1)]"
0,1730906,1831706,16380506,1484,False,6,6,85,0.000117,0.961988,0.142334,89,ReLU(),184,0.9599,0.910907,0.961988,0.915481,0.960364,0.911907,0.964912,0.921423,True,0.001391999999999986,car(3),5,exp0090_politica_1_oracle_1m1l,,,0.9911527094738276,Individual,TTVHC,"[('train_overall_acc', 1), ('validation_overall_acc', 1), ('holdout_overall_acc', 1), ('epoch', 1)]"
0,1736874,1837674,16386474,3592,False,3,3,93,6.1e-05,0.850877,0.368911,17,GELU(approximate=False),492,0.847953,0.633346,0.850877,0.63885,0.850552,0.639728,0.871345,0.692409,True,0.0019493333333333585,car(3),0,exp0090_politica_1_oracle_1m1l,,,0.9719173891215622,Individual,TTVHC,"[('train_overall_acc', 1), ('validation_overall_acc', 1), ('holdout_overall_acc', 1), ('epoch', 1)]"
0,1741813,1842613,16391413,2386,False,7,7,87,0.000122,0.961988,0.117945,88,LeakyReLU(negative_slope=0.01),286,0.960735,0.912562,0.961988,0.914637,0.961014,0.912998,0.953216,0.895149,True,0.0008353333333332991,car(3),13,exp0090_politica_1_oracle_1m1l,,,0.9898473303342814,Individual,TTVHC,"[('train_overall_acc', 1), ('validation_overall_acc', 1), ('holdout_overall_acc', 1), ('epoch', 1)]"
0,1748521,1849321,16398121,3295,False,0,0,96,9.6e-05,0.932749,0.215353,50,GELU(approximate=False),495,0.928989,0.83952,0.932749,0.850381,0.931774,0.846112,0.929825,0.841536,True,0.002506666666666731,car(3),14,exp0090_politica_1_oracle_1m1l,,,0.9851110707596308,Individual,TTVHC,"[('train_overall_acc', 1), ('validation_overall_acc', 1), ('holdout_overall_acc', 1), ('epoch', 1)]"
0,1754966,1855766,16404566,1198,False,3,3,99,7.8e-05,0.929825,0.214214,45,ReLU(),198,0.923977,0.827052,0.929825,0.839514,0.927225,0.83467,0.923977,0.826916,True,0.0038986666666666427,car(3),11,exp0090_politica_1_oracle_1m1l,,,0.9917694789399115,Individual,TTVHC,"[('train_overall_acc', 1), ('validation_overall_acc', 1), ('holdout_overall_acc', 1), ('epoch', 1)]"
0,1758900,1859700,16408500,1191,False,3,3,92,0.000115,0.961988,0.126915,88,ReLU(),191,0.960735,0.912458,0.961988,0.916911,0.963613,0.919404,0.959064,0.908362,True,0.001918666666666698,car(3),4,exp0090_politica_1_oracle_1m1l,,,0.9869161300789243,Individual,TTVHC,"[('train_overall_acc', 1), ('validation_overall_acc', 1), ('holdout_overall_acc', 1), ('epoch', 1)]"
0,1765138,1865938,16414738,1098,False,2,2,99,0.000111,0.964912,0.127188,87,ReLU(),198,0.9599,0.910991,0.964912,0.922485,0.962313,0.916363,0.959064,0.907675,True,0.003341333333333344,car(3),8,exp0090_politica_1_oracle_1m1l,,,0.9867266796981733,Individual,TTVHC,"[('train_overall_acc', 1), ('validation_overall_acc', 1), ('holdout_overall_acc', 1), ('epoch', 1)]"
0,1771077,1871877,16420677,2388,False,7,7,89,0.000118,0.964912,0.126517,89,LeakyReLU(negative_slope=0.01),288,0.959064,0.908434,0.964912,0.921953,0.962313,0.915984,0.959064,0.908362,True,0.0038986666666666427,car(3),10,exp0090_politica_1_oracle_1m1l,,,0.9918336683295488,Individual,TTVHC,"[('train_overall_acc', 1), ('validation_overall_acc', 1), ('holdout_overall_acc', 1), ('epoch', 1)]"
0,1779518,1880318,16429118,3796,False,5,5,97,0.000126,0.94152,0.162294,89,GELU(approximate=False),496,0.962406,0.916483,0.94152,0.872394,0.957765,0.906515,0.959064,0.909064,True,0.013923999999999973,car(3),7,exp0090_politica_1_oracle_1m1l,,,0.98653388039474,Individual,TTVHC,"[('train_overall_acc', 1), ('validation_overall_acc', 1), ('holdout_overall_acc', 1), ('epoch', 1)]"
0,1782790,1883590,16432390,1296,False,4,4,97,0.000118,0.95614,0.141005,88,ReLU(),196,0.964912,0.921856,0.95614,0.902117,0.964912,0.921822,0.959064,0.907675,True,0.005848000000000002,car(3),12,exp0090_politica_1_oracle_1m1l,,,0.9912505585259584,Individual,TTVHC,"[('train_overall_acc', 1), ('validation_overall_acc', 1), ('holdout_overall_acc', 1), ('epoch', 1)]"
0,1789561,1890361,16439161,2192,False,5,5,93,0.000118,0.953216,0.138393,88,LeakyReLU(negative_slope=0.01),292,0.967419,0.92714,0.953216,0.895513,0.964262,0.920099,0.964912,0.921423,True,0.009468666666666717,car(3),3,exp0090_politica_1_oracle_1m1l,,,0.9931362435218044,Individual,TTVHC,"[('train_overall_acc', 1), ('validation_overall_acc', 1), ('holdout_overall_acc', 1), ('epoch', 1)]"
0,1792509,1893309,16442109,1793,False,1,1,94,0.000113,0.953216,0.151676,89,LeakyReLU(negative_slope=0.01),293,0.954887,0.899554,0.953216,0.895335,0.955166,0.899972,0.953216,0.894622,True,0.001300000000000005,car(3),15,exp0090_politica_1_oracle_1m1l,,,0.9863404416814769,Individual,TTVHC,"[('train_overall_acc', 1), ('validation_overall_acc', 1), ('holdout_overall_acc', 1), ('epoch', 1)]"
0,1798406,1899206,16448006,2384,False,7,7,85,0.00012,0.95614,0.127138,89,LeakyReLU(negative_slope=0.01),284,0.9599,0.910977,0.95614,0.900979,0.960364,0.911574,0.959064,0.908356,True,0.002816000000000004,car(3),1,exp0090_politica_1_oracle_1m1l,,,0.9907481324898948,Individual,TTVHC,"[('train_overall_acc', 1), ('validation_overall_acc', 1), ('holdout_overall_acc', 1), ('epoch', 1)]"
0,1807648,1908448,16457248,1288,False,4,4,89,0.000119,0.979532,0.126643,89,ReLU(),188,0.959064,0.908875,0.979532,0.954764,0.963613,0.919099,0.953216,0.894622,True,0.013645333333333287,car(3),16,exp0090_politica_1_oracle_1m1l,,,0.9920164502664507,Individual,TTVHC,"[('train_overall_acc', 1), ('validation_overall_acc', 1), ('holdout_overall_acc', 1), ('epoch', 1)]"
0,1812129,1912929,16461729,1376,False,5,5,77,0.000123,0.97076,0.127495,89,ReLU(),176,0.952381,0.893744,0.97076,0.934567,0.958415,0.907153,0.959064,0.907675,True,0.012252666666666615,car(3),6,exp0090_politica_1_oracle_1m1l,,,0.9856390014073791,Individual,TTVHC,"[('train_overall_acc', 1), ('validation_overall_acc', 1), ('holdout_overall_acc', 1), ('epoch', 1)]"
0,1818624,1919424,16468224,2373,False,7,7,74,5.5e-05,0.815,0.45239,88,LeakyReLU(negative_slope=0.01),273,0.855714,0.644782,0.815,0.531499,0.844444,0.61396,0.74,0.347446,True,0.027142666666666686,credit-g,17,exp0090_politica_1_oracle_1m1l,,,0.9724662989620834,Individual,TTVHC,"[('train_overall_acc', 1), ('validation_overall_acc', 1), ('holdout_overall_acc', 1), ('epoch', 1)]"
0,1824479,1925279,16474079,2295,False,6,6,96,5.2e-05,0.82,0.44971,89,LeakyReLU(negative_slope=0.01),295,0.852857,0.638645,0.82,0.557193,0.85,0.63159,0.73,0.316309,True,0.021904666666666683,credit-g,18,exp0090_politica_1_oracle_1m1l,,,0.9819242650754696,Individual,TTVHC,"[('train_overall_acc', 1), ('validation_overall_acc', 1), ('holdout_overall_acc', 1), ('epoch', 1)]"
0,1830629,1931429,16480229,2188,False,5,5,89,5.3e-05,0.795,0.504531,86,LeakyReLU(negative_slope=0.01),288,0.848571,0.62414,0.795,0.48636,0.841111,0.605254,0.71,0.264455,True,0.03571399999999995,credit-g,2,exp0090_politica_1_oracle_1m1l,,,0.9567134371851773,Individual,TTVHC,"[('train_overall_acc', 1), ('validation_overall_acc', 1), ('holdout_overall_acc', 1), ('epoch', 1)]"
0,1836112,1936912,16485712,1998,False,3,3,99,5.1e-05,0.795,0.562028,86,LeakyReLU(negative_slope=0.01),298,0.857143,0.646449,0.795,0.493149,0.845556,0.617274,0.74,0.337141,True,0.041428666666666634,credit-g,5,exp0090_politica_1_oracle_1m1l,,,0.9605370156738519,Individual,TTVHC,"[('train_overall_acc', 1), ('validation_overall_acc', 1), ('holdout_overall_acc', 1), ('epoch', 1)]"
0,1842304,1943104,16491904,1086,False,2,2,87,5.3e-05,0.795,0.50492,87,ReLU(),186,0.868571,0.678457,0.795,0.47838,0.852222,0.63554,0.72,0.308446,True,0.0490473333333333,credit-g,0,exp0090_politica_1_oracle_1m1l,,,0.925834317933264,Individual,TTVHC,"[('train_overall_acc', 1), ('validation_overall_acc', 1), ('holdout_overall_acc', 1), ('epoch', 1)]"
0,1847067,1947867,16496667,1777,False,1,1,78,5.4e-05,0.81,0.477565,88,LeakyReLU(negative_slope=0.01),277,0.857143,0.648149,0.81,0.526278,0.846667,0.621345,0.73,0.305381,True,0.031428666666666626,credit-g,13,exp0090_politica_1_oracle_1m1l,,,0.9776256621440617,Individual,TTVHC,"[('train_overall_acc', 1), ('validation_overall_acc', 1), ('holdout_overall_acc', 1), ('epoch', 1)]"
0,1853235,1954035,16502835,1586,False,7,7,87,5.2e-05,0.82,0.500719,89,ReLU(),186,0.862857,0.661844,0.82,0.547854,0.855556,0.642661,0.72,0.296351,True,0.028571333333333355,credit-g,14,exp0090_politica_1_oracle_1m1l,,,0.9334064403117054,Individual,TTVHC,"[('train_overall_acc', 1), ('validation_overall_acc', 1), ('holdout_overall_acc', 1), ('epoch', 1)]"
0,1858638,1959438,16508238,2382,False,7,7,83,5.3e-05,0.805,0.450401,88,LeakyReLU(negative_slope=0.01),282,0.857143,0.648595,0.805,0.514991,0.844444,0.616152,0.72,0.284463,True,0.03476199999999996,credit-g,11,exp0090_politica_1_oracle_1m1l,,,0.9783183669866492,Individual,TTVHC,"[('train_overall_acc', 1), ('validation_overall_acc', 1), ('holdout_overall_acc', 1), ('epoch', 1)]"
0,1864008,1964808,16513608,1589,False,7,7,90,5.1e-05,0.81,0.452564,88,ReLU(),189,0.848571,0.626098,0.81,0.52915,0.841111,0.607543,0.75,0.377964,True,0.025713999999999942,credit-g,4,exp0090_politica_1_oracle_1m1l,,,0.9644189376781264,Individual,TTVHC,"[('train_overall_acc', 1), ('validation_overall_acc', 1), ('holdout_overall_acc', 1), ('epoch', 1)]"
0,1869796,1970596,16519396,897,False,0,0,98,5.3e-05,0.815,0.448286,88,ReLU(),197,0.858571,0.650235,0.815,0.537826,0.848889,0.625629,0.69,0.19823,True,0.029047333333333352,credit-g,8,exp0090_politica_1_oracle_1m1l,,,0.9272704304816108,Individual,TTVHC,"[('train_overall_acc', 1), ('validation_overall_acc', 1), ('holdout_overall_acc', 1), ('epoch', 1)]"
0,1872737,1973537,16522337,1275,False,4,4,76,5.3e-05,0.83,0.416624,88,ReLU(),175,0.844286,0.614537,0.83,0.577373,0.844444,0.615342,0.73,0.305381,True,0.009629333333333342,credit-g,10,exp0090_politica_1_oracle_1m1l,,,0.9703478105976729,Individual,TTVHC,"[('train_overall_acc', 1), ('validation_overall_acc', 1), ('holdout_overall_acc', 1), ('epoch', 1)]"
0,1881294,1982094,16530894,1682,False,0,0,83,5.2e-05,0.805,0.486048,89,LeakyReLU(negative_slope=0.01),282,0.851429,0.634277,0.805,0.512093,0.843333,0.612729,0.77,0.412532,True,0.03095266666666663,credit-g,7,exp0090_politica_1_oracle_1m1l,,,0.966548311446423,Individual,TTVHC,"[('train_overall_acc', 1), ('validation_overall_acc', 1), ('holdout_overall_acc', 1), ('epoch', 1)]"
0,1887019,1987819,16536619,884,False,0,0,85,5.3e-05,0.81,0.514101,88,ReLU(),184,0.865714,0.669706,0.81,0.52915,0.854444,0.64149,0.74,0.337141,True,0.03714266666666662,credit-g,12,exp0090_politica_1_oracle_1m1l,,,0.9499493068679954,Individual,TTVHC,"[('train_overall_acc', 1), ('validation_overall_acc', 1), ('holdout_overall_acc', 1), ('epoch', 1)]"
0,1891766,1992566,16541366,1847,False,2,2,48,5.5e-05,0.8,0.466255,89,LeakyReLU(negative_slope=0.01),247,0.834286,0.590033,0.8,0.495176,0.827778,0.571928,0.74,0.327327,True,0.022857333333333285,credit-g,3,exp0090_politica_1_oracle_1m1l,,,0.9457485281367074,Individual,TTVHC,"[('train_overall_acc', 1), ('validation_overall_acc', 1), ('holdout_overall_acc', 1), ('epoch', 1)]"
0,1896974,1997774,16546574,1096,False,2,2,97,4.9e-05,0.81,0.436661,82,ReLU(),196,0.84,0.601681,0.81,0.52915,0.833333,0.584731,0.71,0.251805,True,0.019999999999999945,credit-g,15,exp0090_politica_1_oracle_1m1l,,,0.8960902281857854,Individual,TTVHC,"[('train_overall_acc', 1), ('validation_overall_acc', 1), ('holdout_overall_acc', 1), ('epoch', 1)]"
0,1901437,2002237,16551037,1187,False,3,3,88,4.9e-05,0.835,0.453117,75,ReLU(),187,0.86,0.656206,0.835,0.589293,0.857778,0.649699,0.73,0.327569,True,0.01666666666666668,credit-g,1,exp0090_politica_1_oracle_1m1l,,,0.9143720276397894,Individual,TTVHC,"[('train_overall_acc', 1), ('validation_overall_acc', 1), ('holdout_overall_acc', 1), ('epoch', 1)]"
0,1908449,2009249,16558049,985,False,1,1,86,5e-05,0.815,0.449084,86,ReLU(),185,0.847143,0.621368,0.815,0.535639,0.845556,0.617611,0.74,0.327327,True,0.02142866666666669,credit-g,16,exp0090_politica_1_oracle_1m1l,,,0.8721997186112964,Individual,TTVHC,"[('train_overall_acc', 1), ('validation_overall_acc', 1), ('holdout_overall_acc', 1), ('epoch', 1)]"
0,1910542,2011342,16560142,1560,False,7,7,61,5.4e-05,0.83,0.425413,87,ReLU(),160,0.84,0.603401,0.83,0.584917,0.837778,0.599378,0.72,0.272772,True,0.006666666666666672,credit-g,6,exp0090_politica_1_oracle_1m1l,,,0.9481421554297491,Individual,TTVHC,"[('train_overall_acc', 1), ('validation_overall_acc', 1), ('holdout_overall_acc', 1), ('epoch', 1)]"
0,1918863,2019663,16568463,2387,False,7,7,88,5.9e-05,0.981132,0.079388,89,LeakyReLU(negative_slope=0.01),287,0.997305,0.980552,0.981132,0.857321,0.993711,0.954187,0.981132,0.857321,True,0.010781999999999995,climate-model-simulation-crashes(4),17,exp0090_politica_1_oracle_1m1l,,,0.9896709562697455,Individual,TTVHC,"[('train_overall_acc', 1), ('validation_overall_acc', 1), ('holdout_overall_acc', 1), ('epoch', 1)]"
0,1924284,2025084,16573884,882,False,0,0,83,6.1e-05,0.981132,0.100785,89,ReLU(),182,0.997305,0.980552,0.981132,0.864796,0.993711,0.95446,0.962264,0.693103,True,0.010781999999999995,climate-model-simulation-crashes(4),18,exp0090_politica_1_oracle_1m1l,,,0.9903133056407648,Individual,TTVHC,"[('train_overall_acc', 1), ('validation_overall_acc', 1), ('holdout_overall_acc', 1), ('epoch', 1)]"
0,1930193,2030993,16579793,3696,False,4,4,97,6.5e-05,0.981132,0.083959,88,GELU(approximate=False),496,1.0,1.0,0.981132,0.857321,0.995807,0.969629,0.981132,0.857321,True,0.012578666666666663,climate-model-simulation-crashes(4),2,exp0090_politica_1_oracle_1m1l,,,0.9923926893998238,Individual,TTVHC,"[('train_overall_acc', 1), ('validation_overall_acc', 1), ('holdout_overall_acc', 1), ('epoch', 1)]"
0,1932513,2033313,16582113,3486,False,2,2,87,6.7e-05,0.990566,0.076441,89,GELU(approximate=False),486,0.991914,0.940806,0.990566,0.930678,0.991614,0.938562,1.0,1.0,True,0.0008986666666666773,climate-model-simulation-crashes(4),5,exp0090_politica_1_oracle_1m1l,,,0.9929133630603029,Individual,TTVHC,"[('train_overall_acc', 1), ('validation_overall_acc', 1), ('holdout_overall_acc', 1), ('epoch', 1)]"
0,1938937,2039737,16588537,1486,False,6,6,87,5.8e-05,0.990566,0.076592,89,ReLU(),186,0.994609,0.960827,0.990566,0.930678,0.995807,0.969629,0.962264,0.693103,True,0.003494000000000034,climate-model-simulation-crashes(4),0,exp0090_politica_1_oracle_1m1l,,,0.9941346632102765,Individual,TTVHC,"[('train_overall_acc', 1), ('validation_overall_acc', 1), ('holdout_overall_acc', 1), ('epoch', 1)]"
0,1947165,2047965,16596765,3367,False,1,1,68,7e-05,0.971698,0.091498,88,GELU(approximate=False),467,0.994609,0.960827,0.971698,0.786871,0.989518,0.922912,0.962264,0.693103,True,0.01527400000000001,climate-model-simulation-crashes(4),13,exp0090_politica_1_oracle_1m1l,,,0.9855027644548702,Individual,TTVHC,"[('train_overall_acc', 1), ('validation_overall_acc', 1), ('holdout_overall_acc', 1), ('epoch', 1)]"
0,1952056,2052856,16601656,3897,False,6,6,98,6.5e-05,0.981132,0.08931,89,GELU(approximate=False),497,0.997305,0.980552,0.981132,0.857321,0.993711,0.954187,0.981132,0.857321,True,0.010781999999999995,climate-model-simulation-crashes(4),14,exp0090_politica_1_oracle_1m1l,,,0.9945323435976582,Individual,TTVHC,"[('train_overall_acc', 1), ('validation_overall_acc', 1), ('holdout_overall_acc', 1), ('epoch', 1)]"
0,1957440,2058240,16607040,3574,False,3,3,75,6.7e-05,0.981132,0.083188,88,GELU(approximate=False),474,0.997305,0.980552,0.981132,0.857321,0.993711,0.954187,0.962264,0.693103,True,0.010781999999999995,climate-model-simulation-crashes(4),11,exp0090_politica_1_oracle_1m1l,,,0.9921635817424346,Individual,TTVHC,"[('train_overall_acc', 1), ('validation_overall_acc', 1), ('holdout_overall_acc', 1), ('epoch', 1)]"
0,1961730,2062530,16611330,4962,False,1,1,63,4.6e-05,0.981132,0.102632,88,Tanh(),662,0.989218,0.920469,0.981132,0.864796,0.987421,0.906838,0.962264,0.693103,True,0.005390666666666692,climate-model-simulation-crashes(4),4,exp0090_politica_1_oracle_1m1l,,,0.9901365485885002,Individual,TTVHC,"[('train_overall_acc', 1), ('validation_overall_acc', 1), ('holdout_overall_acc', 1), ('epoch', 1)]"
0,1968802,2069602,16618402,3487,False,2,2,88,6.5e-05,0.981132,0.082867,88,GELU(approximate=False),487,0.997305,0.980552,0.981132,0.864796,0.993711,0.95446,0.962264,0.693103,True,0.010781999999999995,climate-model-simulation-crashes(4),8,exp0090_politica_1_oracle_1m1l,,,0.983214726719695,Individual,TTVHC,"[('train_overall_acc', 1), ('validation_overall_acc', 1), ('holdout_overall_acc', 1), ('epoch', 1)]"
0,1973511,2074311,16623111,4887,False,0,0,88,4.4e-05,0.981132,0.082948,86,Tanh(),687,0.991914,0.940806,0.981132,0.864796,0.989518,0.922912,0.962264,0.693103,True,0.007187999999999972,climate-model-simulation-crashes(4),10,exp0090_politica_1_oracle_1m1l,,,0.9760226847696218,Individual,TTVHC,"[('train_overall_acc', 1), ('validation_overall_acc', 1), ('holdout_overall_acc', 1), ('epoch', 1)]"
0,1977808,2078608,16627408,5582,False,7,7,83,4.4e-05,0.990566,0.087694,89,Tanh(),682,0.986523,0.901989,0.990566,0.930678,0.987421,0.907936,0.962264,0.693103,True,0.002695333333333272,climate-model-simulation-crashes(4),7,exp0090_politica_1_oracle_1m1l,,,0.9904822260656783,Individual,TTVHC,"[('train_overall_acc', 1), ('validation_overall_acc', 1), ('holdout_overall_acc', 1), ('epoch', 1)]"
0,1985786,2086586,16635386,5099,False,2,2,100,4.3e-05,0.971698,0.087347,89,Tanh(),699,0.989218,0.920855,0.971698,0.786871,0.985325,0.891637,0.962264,0.693103,True,0.01168000000000006,climate-model-simulation-crashes(4),12,exp0090_politica_1_oracle_1m1l,,,0.9877002075115205,Individual,TTVHC,"[('train_overall_acc', 1), ('validation_overall_acc', 1), ('holdout_overall_acc', 1), ('epoch', 1)]"
0,1990005,2090805,16639605,3648,False,4,4,49,7.6e-05,1.0,0.081142,89,GELU(approximate=False),448,0.991914,0.940806,1.0,1.0,0.993711,0.954187,0.981132,0.857321,True,0.005390666666666692,climate-model-simulation-crashes(4),3,exp0090_politica_1_oracle_1m1l,,,0.9950795349608799,Individual,TTVHC,"[('train_overall_acc', 1), ('validation_overall_acc', 1), ('holdout_overall_acc', 1), ('epoch', 1)]"
0,1995110,2095910,16644710,3983,False,7,7,84,6.8e-05,0.990566,0.089961,89,GELU(approximate=False),483,0.994609,0.960827,0.990566,0.930678,0.995807,0.969629,0.962264,0.693103,True,0.003494000000000034,climate-model-simulation-crashes(4),15,exp0090_politica_1_oracle_1m1l,,,0.9940231916790407,Individual,TTVHC,"[('train_overall_acc', 1), ('validation_overall_acc', 1), ('holdout_overall_acc', 1), ('epoch', 1)]"
0,2001131,2101931,16650731,3799,False,5,5,100,6.5e-05,0.990566,0.083633,88,GELU(approximate=False),499,0.997305,0.980552,0.990566,0.937986,0.995807,0.969955,1.0,1.0,True,0.0044926666666667,climate-model-simulation-crashes(4),1,exp0090_politica_1_oracle_1m1l,,,0.9922850528373918,Individual,TTVHC,"[('train_overall_acc', 1), ('validation_overall_acc', 1), ('holdout_overall_acc', 1), ('epoch', 1)]"
0,2008433,2109233,16658033,3987,False,7,7,88,7e-05,0.981132,0.093364,89,GELU(approximate=False),487,0.997305,0.980552,0.981132,0.857321,0.993711,0.954187,0.962264,0.693103,True,0.010781999999999995,climate-model-simulation-crashes(4),16,exp0090_politica_1_oracle_1m1l,,,0.9894827820501673,Individual,TTVHC,"[('train_overall_acc', 1), ('validation_overall_acc', 1), ('holdout_overall_acc', 1), ('epoch', 1)]"
0,2012912,2113712,16662512,3659,False,4,4,60,7.2e-05,1.0,0.067313,88,GELU(approximate=False),459,0.989218,0.920469,1.0,1.0,0.991614,0.938562,0.981132,0.857321,True,0.007187999999999972,climate-model-simulation-crashes(4),6,exp0090_politica_1_oracle_1m1l,,,0.9912263468138328,Individual,TTVHC,"[('train_overall_acc', 1), ('validation_overall_acc', 1), ('holdout_overall_acc', 1), ('epoch', 1)]"
0,2018848,2119648,16668448,3876,False,6,6,77,3.7e-05,0.754386,0.54917,6,GELU(approximate=False),476,0.719298,0.099751,0.754386,0.289354,0.723197,0.136362,0.701754,-0.083478,True,0.023392000000000007,ilpd,17,exp0090_politica_1_oracle_1m1l,,,0.8293738620254223,Individual,TTVHC,"[('train_overall_acc', 1), ('validation_overall_acc', 1), ('holdout_overall_acc', 1), ('epoch', 1)]"
0,2025310,2126110,16674910,749,False,7,7,50,3.9e-05,0.789474,0.605727,1,Identity(),49,0.651629,0.096034,0.789474,0.443563,0.71345,0.228372,0.666667,0.050719,True,0.09189666666666667,ilpd,18,exp0090_politica_1_oracle_1m1l,,,0.7443471902053174,Individual,TTVHC,"[('train_overall_acc', 1), ('validation_overall_acc', 1), ('holdout_overall_acc', 1), ('epoch', 1)]"
0,2030439,2131239,16680039,4913,False,1,1,14,4.2e-05,0.780702,0.589297,17,Tanh(),613,0.729323,0.229314,0.780702,0.401597,0.74269,0.276798,0.666667,-0.055692,True,0.03425266666666663,ilpd,2,exp0090_politica_1_oracle_1m1l,,,0.8878089507035116,Individual,TTVHC,"[('train_overall_acc', 1), ('validation_overall_acc', 1), ('holdout_overall_acc', 1), ('epoch', 1)]"
0,2035593,2136393,16685193,3257,False,0,0,58,3.9e-05,0.780702,0.568144,10,GELU(approximate=False),457,0.736842,0.258299,0.780702,0.390054,0.74269,0.274458,0.719298,0.134076,True,0.029240000000000006,ilpd,5,exp0090_politica_1_oracle_1m1l,,,0.8491598263754773,Individual,TTVHC,"[('train_overall_acc', 1), ('validation_overall_acc', 1), ('holdout_overall_acc', 1), ('epoch', 1)]"
0,2041855,2142655,16691455,5348,False,5,5,49,3.7e-05,0.77193,0.54668,9,Tanh(),648,0.714286,0.163333,0.77193,0.365804,0.729045,0.224181,0.719298,0.093066,True,0.03842933333333335,ilpd,0,exp0090_politica_1_oracle_1m1l,,,0.7964184895520464,Individual,TTVHC,"[('train_overall_acc', 1), ('validation_overall_acc', 1), ('holdout_overall_acc', 1), ('epoch', 1)]"
0,2046813,2147613,16696413,2660,False,2,2,61,3.8e-05,0.763158,0.562869,2,SELU(),360,0.694236,0.151793,0.763158,0.334348,0.705653,0.186885,0.719298,0.167397,True,0.045948000000000024,ilpd,13,exp0090_politica_1_oracle_1m1l,,,0.779281704785256,Individual,TTVHC,"[('train_overall_acc', 1), ('validation_overall_acc', 1), ('holdout_overall_acc', 1), ('epoch', 1)]"
0,2052400,2153200,16702000,3103,False,7,7,4,6.1e-05,0.763158,0.586373,4,SELU(),303,0.726817,0.16886,0.763158,0.324781,0.736842,0.21583,0.754386,0.294619,True,0.024227333333333306,ilpd,14,exp0090_politica_1_oracle_1m1l,,,0.8645304397225684,Individual,TTVHC,"[('train_overall_acc', 1), ('validation_overall_acc', 1), ('holdout_overall_acc', 1), ('epoch', 1)]"
0,2058361,2159161,16707961,4986,False,1,1,87,3.7e-05,0.763158,0.583206,4,Tanh(),686,0.714286,0.163333,0.763158,0.341323,0.721248,0.182736,0.684211,-0.119125,True,0.03258133333333335,ilpd,11,exp0090_politica_1_oracle_1m1l,,,0.8049779250995317,Individual,TTVHC,"[('train_overall_acc', 1), ('validation_overall_acc', 1), ('holdout_overall_acc', 1), ('epoch', 1)]"
0,2064495,2165295,16714095,5072,False,2,2,73,3.7e-05,0.780702,0.590617,2,Tanh(),672,0.666667,0.19015,0.780702,0.432594,0.721248,0.30241,0.666667,0.125702,True,0.07602333333333333,ilpd,4,exp0090_politica_1_oracle_1m1l,,,0.8010196959950715,Individual,TTVHC,"[('train_overall_acc', 1), ('validation_overall_acc', 1), ('holdout_overall_acc', 1), ('epoch', 1)]"
0,2067992,2168792,16717592,2360,False,7,7,61,3.8e-05,0.77193,0.602389,0,LeakyReLU(negative_slope=0.01),260,0.714286,0.16788,0.77193,0.377308,0.736842,0.207538,0.666667,-0.055692,True,0.03842933333333335,ilpd,8,exp0090_politica_1_oracle_1m1l,,,0.6291134884003728,Individual,TTVHC,"[('train_overall_acc', 1), ('validation_overall_acc', 1), ('holdout_overall_acc', 1), ('epoch', 1)]"
0,2075694,2176494,16725294,3076,False,6,6,77,3.7e-05,0.789474,0.533147,8,SELU(),376,0.711779,0.217457,0.789474,0.425475,0.725146,0.249417,0.666667,0.004174,True,0.05179666666666664,ilpd,10,exp0090_politica_1_oracle_1m1l,,,0.902811354550562,Individual,TTVHC,"[('train_overall_acc', 1), ('validation_overall_acc', 1), ('holdout_overall_acc', 1), ('epoch', 1)]"
0,2080089,2180889,16729689,5188,False,3,3,89,3.7e-05,0.77193,0.565678,3,Tanh(),688,0.724311,0.189625,0.77193,0.371939,0.736842,0.247093,0.719298,0.134076,True,0.031745999999999976,ilpd,7,exp0090_politica_1_oracle_1m1l,,,0.8588847451971642,Individual,TTVHC,"[('train_overall_acc', 1), ('validation_overall_acc', 1), ('holdout_overall_acc', 1), ('epoch', 1)]"
0,2085843,2186643,16735443,3693,False,4,4,94,3.8e-05,0.763158,0.558199,2,GELU(approximate=False),493,0.706767,0.149925,0.763158,0.334348,0.725146,0.193255,0.701754,0.123131,True,0.03759399999999998,ilpd,12,exp0090_politica_1_oracle_1m1l,,,0.7813682132976895,Individual,TTVHC,"[('train_overall_acc', 1), ('validation_overall_acc', 1), ('holdout_overall_acc', 1), ('epoch', 1)]"
0,2092392,2193192,16741992,5486,False,6,6,87,3.8e-05,0.77193,0.523935,13,Tanh(),686,0.716792,0.211783,0.77193,0.371939,0.730994,0.253865,0.754386,0.294619,True,0.03675866666666668,ilpd,3,exp0090_politica_1_oracle_1m1l,,,0.8068469597056329,Individual,TTVHC,"[('train_overall_acc', 1), ('validation_overall_acc', 1), ('holdout_overall_acc', 1), ('epoch', 1)]"
0,2097251,2198051,16746851,3785,False,5,5,86,3.8e-05,0.763158,0.550818,9,GELU(approximate=False),485,0.729323,0.207432,0.763158,0.334348,0.734893,0.231613,0.684211,0.084796,True,0.02255666666666663,ilpd,15,exp0090_politica_1_oracle_1m1l,,,0.7277510828629541,Individual,TTVHC,"[('train_overall_acc', 1), ('validation_overall_acc', 1), ('holdout_overall_acc', 1), ('epoch', 1)]"
0,2101416,2202216,16751016,2121,False,5,5,22,4.1e-05,0.763158,0.607606,0,LeakyReLU(negative_slope=0.01),221,0.714286,0.16788,0.763158,0.323871,0.727096,0.195669,0.719298,0.093066,True,0.03258133333333335,ilpd,1,exp0090_politica_1_oracle_1m1l,,,0.6191515818889576,Individual,TTVHC,"[('train_overall_acc', 1), ('validation_overall_acc', 1), ('holdout_overall_acc', 1), ('epoch', 1)]"
0,2107713,2208513,16757313,844,False,0,0,45,4.1e-05,0.763158,0.560938,10,ReLU(),144,0.744361,0.251033,0.763158,0.324781,0.748538,0.266351,0.719298,0.093066,True,0.012531333333333302,ilpd,16,exp0090_politica_1_oracle_1m1l,,,0.7960464463295531,Individual,TTVHC,"[('train_overall_acc', 1), ('validation_overall_acc', 1), ('holdout_overall_acc', 1), ('epoch', 1)]"
0,2114137,2214937,16763737,2954,False,5,5,55,3.7e-05,0.77193,0.538495,4,SELU(),354,0.716792,0.155977,0.77193,0.361044,0.732943,0.215545,0.77193,0.377308,True,0.03675866666666668,ilpd,6,exp0090_politica_1_oracle_1m1l,,,0.8683827468915357,Individual,TTVHC,"[('train_overall_acc', 1), ('validation_overall_acc', 1), ('holdout_overall_acc', 1), ('epoch', 1)]"
0,2121003,2221803,16770603,3691,False,4,4,92,7.2e-05,0.95,0.193179,89,GELU(approximate=False),491,0.930952,0.876764,0.95,0.911322,0.935185,0.884451,0.916667,0.850893,True,0.012698666666666636,balance-scale,17,exp0090_politica_1_oracle_1m1l,,,0.9907466846069451,Individual,TTVHC,"[('train_overall_acc', 1), ('validation_overall_acc', 1), ('holdout_overall_acc', 1), ('epoch', 1)]"
0,2126074,2226874,16775674,879,False,0,0,80,7e-05,0.95,0.171043,89,ReLU(),179,0.928571,0.872412,0.95,0.911445,0.933333,0.88111,0.916667,0.85042,True,0.014285999999999946,balance-scale,18,exp0090_politica_1_oracle_1m1l,,,0.9904602900608246,Individual,TTVHC,"[('train_overall_acc', 1), ('validation_overall_acc', 1), ('holdout_overall_acc', 1), ('epoch', 1)]"
0,2131321,2232121,16780921,1781,False,1,1,82,7.1e-05,0.95,0.175215,89,LeakyReLU(negative_slope=0.01),281,0.933333,0.880798,0.95,0.911813,0.937037,0.887685,0.933333,0.882407,True,0.011111333333333325,balance-scale,2,exp0090_politica_1_oracle_1m1l,,,0.9886829996397871,Individual,TTVHC,"[('train_overall_acc', 1), ('validation_overall_acc', 1), ('holdout_overall_acc', 1), ('epoch', 1)]"
0,2138007,2238807,16787607,1781,False,1,1,82,7.2e-05,0.95,0.203911,89,LeakyReLU(negative_slope=0.01),281,0.933333,0.880974,0.95,0.911445,0.938889,0.891034,0.95,0.911445,True,0.011111333333333325,balance-scale,5,exp0090_politica_1_oracle_1m1l,,,0.9884589891411011,Individual,TTVHC,"[('train_overall_acc', 1), ('validation_overall_acc', 1), ('holdout_overall_acc', 1), ('epoch', 1)]"
0,2140609,2241409,16790209,1178,False,3,3,79,6.8e-05,0.941667,0.198614,89,ReLU(),178,0.935714,0.885247,0.941667,0.896647,0.937037,0.887723,0.916667,0.849442,True,0.003968666666666658,balance-scale,0,exp0090_politica_1_oracle_1m1l,,,0.9904930747712429,Individual,TTVHC,"[('train_overall_acc', 1), ('validation_overall_acc', 1), ('holdout_overall_acc', 1), ('epoch', 1)]"
0,2146298,2247098,16795898,1697,False,0,0,98,6.1e-05,0.933333,0.201188,89,LeakyReLU(negative_slope=0.01),297,0.938095,0.889577,0.933333,0.88175,0.937037,0.887693,0.95,0.912428,True,0.003174666666666696,balance-scale,13,exp0090_politica_1_oracle_1m1l,,,0.9869208619482831,Individual,TTVHC,"[('train_overall_acc', 1), ('validation_overall_acc', 1), ('holdout_overall_acc', 1), ('epoch', 1)]"
0,2151655,2252455,16801255,2159,False,5,5,60,7.6e-05,0.941667,0.208406,89,LeakyReLU(negative_slope=0.01),259,0.933333,0.880895,0.941667,0.896647,0.935185,0.884379,0.916667,0.852316,True,0.005556000000000043,balance-scale,14,exp0090_politica_1_oracle_1m1l,,,0.9851745021914518,Individual,TTVHC,"[('train_overall_acc', 1), ('validation_overall_acc', 1), ('holdout_overall_acc', 1), ('epoch', 1)]"
0,2158455,2259255,16808055,2384,False,7,7,85,6.6e-05,0.933333,0.198065,89,LeakyReLU(negative_slope=0.01),284,0.940476,0.894045,0.933333,0.880443,0.940741,0.894259,0.933333,0.879686,True,0.0049386666666667205,balance-scale,11,exp0090_politica_1_oracle_1m1l,,,0.9936660087518047,Individual,TTVHC,"[('train_overall_acc', 1), ('validation_overall_acc', 1), ('holdout_overall_acc', 1), ('epoch', 1)]"
0,2163672,2264472,16813272,878,False,0,0,79,7.2e-05,0.941667,0.196929,89,ReLU(),178,0.935714,0.885501,0.941667,0.895824,0.937037,0.887765,0.933333,0.882407,True,0.003968666666666658,balance-scale,4,exp0090_politica_1_oracle_1m1l,,,0.9920538260301601,Individual,TTVHC,"[('train_overall_acc', 1), ('validation_overall_acc', 1), ('holdout_overall_acc', 1), ('epoch', 1)]"
0,2171276,2272076,16820876,2192,False,5,5,93,6.8e-05,0.95,0.174732,89,LeakyReLU(negative_slope=0.01),292,0.933333,0.881042,0.95,0.911445,0.937037,0.887818,0.933333,0.882407,True,0.011111333333333325,balance-scale,8,exp0090_politica_1_oracle_1m1l,,,0.9876106768271073,Individual,TTVHC,"[('train_overall_acc', 1), ('validation_overall_acc', 1), ('holdout_overall_acc', 1), ('epoch', 1)]"
0,2175331,2276131,16824931,889,False,0,0,90,6.8e-05,0.95,0.178069,89,ReLU(),189,0.933333,0.88113,0.95,0.911322,0.937037,0.887818,0.916667,0.852316,True,0.011111333333333325,balance-scale,10,exp0090_politica_1_oracle_1m1l,,,0.9937199853683565,Individual,TTVHC,"[('train_overall_acc', 1), ('validation_overall_acc', 1), ('holdout_overall_acc', 1), ('epoch', 1)]"
0,2180117,2280917,16829717,974,False,1,1,75,7.1e-05,0.941667,0.194007,89,ReLU(),174,0.935714,0.885188,0.941667,0.896647,0.937037,0.887765,0.916667,0.852316,True,0.003968666666666658,balance-scale,7,exp0090_politica_1_oracle_1m1l,,,0.9930127112803312,Individual,TTVHC,"[('train_overall_acc', 1), ('validation_overall_acc', 1), ('holdout_overall_acc', 1), ('epoch', 1)]"
0,2184996,2285796,16834596,3746,False,5,5,47,8.3e-05,0.941667,0.220446,89,GELU(approximate=False),446,0.935714,0.885325,0.941667,0.896647,0.937037,0.887818,0.933333,0.883883,True,0.003968666666666658,balance-scale,12,exp0090_politica_1_oracle_1m1l,,,0.9886307958634928,Individual,TTVHC,"[('train_overall_acc', 1), ('validation_overall_acc', 1), ('holdout_overall_acc', 1), ('epoch', 1)]"
0,2191473,2292273,16841073,1395,False,5,5,96,6.7e-05,0.941667,0.206193,89,ReLU(),195,0.938095,0.889695,0.941667,0.896017,0.938889,0.890809,0.933333,0.880146,True,0.0023813333333333464,balance-scale,3,exp0090_politica_1_oracle_1m1l,,,0.9889121856349372,Individual,TTVHC,"[('train_overall_acc', 1), ('validation_overall_acc', 1), ('holdout_overall_acc', 1), ('epoch', 1)]"
0,2196507,2297307,16846107,1799,False,1,1,100,7e-05,0.941667,0.190722,89,LeakyReLU(negative_slope=0.01),299,0.935714,0.885247,0.941667,0.896647,0.937037,0.887723,0.933333,0.882407,True,0.003968666666666658,balance-scale,15,exp0090_politica_1_oracle_1m1l,,,0.9954129232336062,Individual,TTVHC,"[('train_overall_acc', 1), ('validation_overall_acc', 1), ('holdout_overall_acc', 1), ('epoch', 1)]"
0,2203800,2304600,16853400,1690,False,0,0,91,6.7e-05,0.95,0.186027,89,LeakyReLU(negative_slope=0.01),290,0.933333,0.880925,0.95,0.911322,0.937037,0.887675,0.933333,0.881917,True,0.011111333333333325,balance-scale,1,exp0090_politica_1_oracle_1m1l,,,0.9868192458243359,Individual,TTVHC,"[('train_overall_acc', 1), ('validation_overall_acc', 1), ('holdout_overall_acc', 1), ('epoch', 1)]"
0,2207390,2308190,16856990,1695,False,0,0,96,6.8e-05,0.941667,0.182251,88,LeakyReLU(negative_slope=0.01),295,0.938095,0.889407,0.941667,0.896647,0.938889,0.890975,0.95,0.911445,True,0.0023813333333333464,balance-scale,16,exp0090_politica_1_oracle_1m1l,,,0.9900682741142117,Individual,TTVHC,"[('train_overall_acc', 1), ('validation_overall_acc', 1), ('holdout_overall_acc', 1), ('epoch', 1)]"
0,2213984,2314784,16863584,1676,False,0,0,77,7.2e-05,0.941667,0.212763,89,LeakyReLU(negative_slope=0.01),276,0.933333,0.880895,0.941667,0.896647,0.935185,0.884379,0.933333,0.881393,True,0.005556000000000043,balance-scale,6,exp0090_politica_1_oracle_1m1l,,,0.9832005389491892,Individual,TTVHC,"[('train_overall_acc', 1), ('validation_overall_acc', 1), ('holdout_overall_acc', 1), ('epoch', 1)]"
0,2610669,2812269,17361069,1565,False,7,7,66,9.8e-05,0.916667,0.585104,87,ReLU(),165,0.938095,0.934037,0.916667,0.912345,0.933333,0.929049,0.7,0.683471,True,0.014285333333333336,libras_move,17,exp0090_politica_1_oracle_1m1l,,,0.972097346071167,Individual,TTVHC,"[('train_overall_acc', 1), ('validation_overall_acc', 1), ('holdout_overall_acc', 1), ('epoch', 1)]"
0,2620330,2821930,17370730,1697,False,0,0,98,8.8e-05,0.85,0.532665,89,LeakyReLU(negative_slope=0.01),297,0.971429,0.969482,0.85,0.843818,0.948148,0.944806,0.733333,0.717712,True,0.08095266666666667,libras_move,18,exp0090_politica_1_oracle_1m1l,,,0.9704463760241681,Individual,TTVHC,"[('train_overall_acc', 1), ('validation_overall_acc', 1), ('holdout_overall_acc', 1), ('epoch', 1)]"
0,2221177,2321977,16870777,888,False,0,0,89,8.9e-05,0.883333,0.633645,88,ReLU(),188,0.961905,0.959487,0.883333,0.877879,0.944444,0.940836,0.766667,0.752693,True,0.052381333333333314,libras_move,2,exp0090_politica_1_oracle_1m1l,,,0.9829750348577102,Individual,TTVHC,"[('train_overall_acc', 1), ('validation_overall_acc', 1), ('holdout_overall_acc', 1), ('epoch', 1)]"
0,2224045,2324845,16873645,1683,False,0,0,84,9.1e-05,0.933333,0.442517,89,LeakyReLU(negative_slope=0.01),283,0.952381,0.949164,0.933333,0.929125,0.940741,0.936618,0.733333,0.71685,True,0.01269866666666671,libras_move,5,exp0090_politica_1_oracle_1m1l,,,0.978142140667533,Individual,TTVHC,"[('train_overall_acc', 1), ('validation_overall_acc', 1), ('holdout_overall_acc', 1), ('epoch', 1)]"
0,2228932,2329732,16878532,2172,False,5,5,73,9.6e-05,0.95,0.458041,88,LeakyReLU(negative_slope=0.01),272,0.952381,0.949233,0.95,0.947275,0.951852,0.948538,0.7,0.681826,True,0.001587333333333385,libras_move,0,exp0090_politica_1_oracle_1m1l,,,0.9815547792355847,Individual,TTVHC,"[('train_overall_acc', 1), ('validation_overall_acc', 1), ('holdout_overall_acc', 1), ('epoch', 1)]"
0,2236374,2337174,16885974,2093,False,4,4,94,8.6e-05,0.966667,0.408117,86,LeakyReLU(negative_slope=0.01),293,0.947619,0.944291,0.966667,0.96486,0.955556,0.952577,0.8,0.790433,True,0.01269866666666671,libras_move,13,exp0090_politica_1_oracle_1m1l,,,0.9734882666527709,Individual,TTVHC,"[('train_overall_acc', 1), ('validation_overall_acc', 1), ('holdout_overall_acc', 1), ('epoch', 1)]"
0,2242910,2343710,16892510,2299,False,6,6,100,8.7e-05,0.9,0.617658,88,LeakyReLU(negative_slope=0.01),299,0.957143,0.954662,0.9,0.895795,0.944444,0.94103,0.7,0.681826,True,0.038095333333333294,libras_move,14,exp0090_politica_1_oracle_1m1l,,,0.9761147002326664,Individual,TTVHC,"[('train_overall_acc', 1), ('validation_overall_acc', 1), ('holdout_overall_acc', 1), ('epoch', 1)]"
0,2249100,2349900,16898700,1780,False,1,1,81,9.3e-05,0.883333,0.565341,89,LeakyReLU(negative_slope=0.01),280,0.957143,0.954522,0.883333,0.877353,0.944444,0.940905,0.766667,0.755415,True,0.04920666666666662,libras_move,11,exp0090_politica_1_oracle_1m1l,,,0.9770928544912117,Individual,TTVHC,"[('train_overall_acc', 1), ('validation_overall_acc', 1), ('holdout_overall_acc', 1), ('epoch', 1)]"
0,2253999,2354799,16903599,3297,False,0,0,98,8.7e-05,0.916667,0.462979,88,GELU(approximate=False),497,0.952381,0.949279,0.916667,0.911257,0.944444,0.94078,0.766667,0.758167,True,0.02380933333333335,libras_move,4,exp0090_politica_1_oracle_1m1l,,,0.98349449500449,Individual,TTVHC,"[('train_overall_acc', 1), ('validation_overall_acc', 1), ('holdout_overall_acc', 1), ('epoch', 1)]"
0,2257730,2358530,16907330,2083,False,4,4,84,9.1e-05,0.916667,0.502745,86,LeakyReLU(negative_slope=0.01),283,0.942857,0.939004,0.916667,0.912345,0.937037,0.932828,0.7,0.685128,True,0.017459999999999958,libras_move,8,exp0090_politica_1_oracle_1m1l,,,0.9725851856087954,Individual,TTVHC,"[('train_overall_acc', 1), ('validation_overall_acc', 1), ('holdout_overall_acc', 1), ('epoch', 1)]"
0,2263278,2364078,16912878,1886,False,2,2,87,9.1e-05,0.95,0.42297,89,LeakyReLU(negative_slope=0.01),286,0.957143,0.954406,0.95,0.947275,0.962963,0.960487,0.733333,0.71685,True,0.008642000000000039,libras_move,10,exp0090_politica_1_oracle_1m1l,,,0.9855928533337834,Individual,TTVHC,"[('train_overall_acc', 1), ('validation_overall_acc', 1), ('holdout_overall_acc', 1), ('epoch', 1)]"
0,2270048,2370848,16919648,1692,False,0,0,93,8.8e-05,0.916667,0.451775,89,LeakyReLU(negative_slope=0.01),292,0.957143,0.954499,0.916667,0.911528,0.948148,0.94475,0.766667,0.758167,True,0.02698399999999997,libras_move,7,exp0090_politica_1_oracle_1m1l,,,0.9893793926484404,Individual,TTVHC,"[('train_overall_acc', 1), ('validation_overall_acc', 1), ('holdout_overall_acc', 1), ('epoch', 1)]"
0,2276675,2377475,16926275,2088,False,4,4,89,9.1e-05,0.883333,0.60861,88,LeakyReLU(negative_slope=0.01),288,0.966667,0.964497,0.883333,0.877353,0.948148,0.94475,0.766667,0.757247,True,0.055556000000000015,libras_move,12,exp0090_politica_1_oracle_1m1l,,,0.9834210028668683,Individual,TTVHC,"[('train_overall_acc', 1), ('validation_overall_acc', 1), ('holdout_overall_acc', 1), ('epoch', 1)]"
0,2280199,2380999,16929799,1191,False,3,3,92,8.8e-05,0.933333,0.475127,86,ReLU(),191,0.952381,0.949279,0.933333,0.930234,0.948148,0.94475,0.733333,0.720314,True,0.01269866666666671,libras_move,3,exp0090_politica_1_oracle_1m1l,,,0.9739062444224535,Individual,TTVHC,"[('train_overall_acc', 1), ('validation_overall_acc', 1), ('holdout_overall_acc', 1), ('epoch', 1)]"
0,2286646,2387446,16936246,2082,False,4,4,83,9.4e-05,0.916667,0.565764,89,LeakyReLU(negative_slope=0.01),282,0.952381,0.949464,0.916667,0.912073,0.944444,0.940877,0.766667,0.758167,True,0.02380933333333335,libras_move,15,exp0090_politica_1_oracle_1m1l,,,0.9858276219789537,Individual,TTVHC,"[('train_overall_acc', 1), ('validation_overall_acc', 1), ('holdout_overall_acc', 1), ('epoch', 1)]"
0,2291958,2392758,16941558,2091,False,4,4,92,8.8e-05,0.95,0.449613,88,LeakyReLU(negative_slope=0.01),291,0.971429,0.969623,0.95,0.947275,0.966667,0.964456,0.733333,0.722064,True,0.014286000000000021,libras_move,1,exp0090_politica_1_oracle_1m1l,,,0.9924962363408468,Individual,TTVHC,"[('train_overall_acc', 1), ('validation_overall_acc', 1), ('holdout_overall_acc', 1), ('epoch', 1)]"
0,2298384,2399184,16947984,1799,False,1,1,100,8.4e-05,0.933333,0.441472,86,LeakyReLU(negative_slope=0.01),299,0.97619,0.974632,0.933333,0.929402,0.966667,0.964399,0.833333,0.824378,True,0.028571333333333355,libras_move,16,exp0090_politica_1_oracle_1m1l,,,0.9751466830908383,Individual,TTVHC,"[('train_overall_acc', 1), ('validation_overall_acc', 1), ('holdout_overall_acc', 1), ('epoch', 1)]"
0,2302503,2403303,16952103,1396,False,5,5,97,8.5e-05,0.966667,0.418086,86,ReLU(),196,0.952381,0.949164,0.966667,0.96486,0.959259,0.956419,0.733333,0.722064,True,0.009524000000000013,libras_move,6,exp0090_politica_1_oracle_1m1l,,,0.9786230555477524,Individual,TTVHC,"[('train_overall_acc', 1), ('validation_overall_acc', 1), ('holdout_overall_acc', 1), ('epoch', 1)]"
0,2408174,2508974,17057774,1563,False,7,7,64,4.9e-05,0.804054,0.477066,88,ReLU(),163,0.805019,0.356701,0.804054,0.366619,0.804805,0.35682,0.797297,0.327143,True,0.0006433333333333291,blood-transfusion-service-center,17,exp0090_politica_1_oracle_1m1l,,,0.9853445472316958,Individual,TTVHC,"[('train_overall_acc', 1), ('validation_overall_acc', 1), ('holdout_overall_acc', 1), ('epoch', 1)]"
0,2415940,2516740,17065540,1393,False,5,5,94,4.7e-05,0.824324,0.451684,89,ReLU(),193,0.812741,0.394636,0.824324,0.441903,0.815315,0.40536,0.810811,0.386503,True,0.007721999999999933,blood-transfusion-service-center,18,exp0090_politica_1_oracle_1m1l,,,0.9933754417390389,Individual,TTVHC,"[('train_overall_acc', 1), ('validation_overall_acc', 1), ('holdout_overall_acc', 1), ('epoch', 1)]"
0,2424533,2525333,17074133,2377,False,7,7,78,4.7e-05,0.817568,0.423946,89,LeakyReLU(negative_slope=0.01),277,0.791506,0.287791,0.817568,0.397985,0.797297,0.312373,0.783784,0.288217,True,0.01737466666666661,blood-transfusion-service-center,2,exp0090_politica_1_oracle_1m1l,,,0.9709611986020846,Individual,TTVHC,"[('train_overall_acc', 1), ('validation_overall_acc', 1), ('holdout_overall_acc', 1), ('epoch', 1)]"
0,2429314,2530114,17078914,1375,False,5,5,76,4.7e-05,0.831081,0.455357,87,ReLU(),175,0.80695,0.369994,0.831081,0.462654,0.815315,0.402081,0.810811,0.386503,True,0.016087333333333342,blood-transfusion-service-center,5,exp0090_politica_1_oracle_1m1l,,,0.985803308069202,Individual,TTVHC,"[('train_overall_acc', 1), ('validation_overall_acc', 1), ('holdout_overall_acc', 1), ('epoch', 1)]"
0,2434848,2535648,17084448,1431,False,6,6,32,5.5e-05,0.817568,0.443734,89,ReLU(),131,0.795367,0.309602,0.817568,0.396385,0.8003,0.326834,0.824324,0.426229,True,0.01480066666666661,blood-transfusion-service-center,0,exp0090_politica_1_oracle_1m1l,,,0.9809474171075367,Individual,TTVHC,"[('train_overall_acc', 1), ('validation_overall_acc', 1), ('holdout_overall_acc', 1), ('epoch', 1)]"
0,2440839,2541639,17090439,1051,False,2,2,52,4.8e-05,0.824324,0.437678,86,ReLU(),151,0.799228,0.325283,0.824324,0.426229,0.804805,0.346318,0.810811,0.372328,True,0.0167306666666666,blood-transfusion-service-center,13,exp0090_politica_1_oracle_1m1l,,,0.9738728850543584,Individual,TTVHC,"[('train_overall_acc', 1), ('validation_overall_acc', 1), ('holdout_overall_acc', 1), ('epoch', 1)]"
0,2442956,2543756,17092556,1244,False,4,4,45,4.5e-05,0.804054,0.464813,88,ReLU(),144,0.80888,0.367336,0.804054,0.357386,0.807808,0.364836,0.783784,0.288217,True,0.003217333333333331,blood-transfusion-service-center,14,exp0090_politica_1_oracle_1m1l,,,0.9796601006473283,Individual,TTVHC,"[('train_overall_acc', 1), ('validation_overall_acc', 1), ('holdout_overall_acc', 1), ('epoch', 1)]"
0,2449490,2550290,17099090,1215,False,4,4,16,6.6e-05,0.804054,0.467508,88,ReLU(),115,0.812741,0.38095,0.804054,0.357386,0.807808,0.364836,0.77027,0.223687,True,0.005791333333333333,blood-transfusion-service-center,11,exp0090_politica_1_oracle_1m1l,,,0.9848823553249327,Individual,TTVHC,"[('train_overall_acc', 1), ('validation_overall_acc', 1), ('holdout_overall_acc', 1), ('epoch', 1)]"
0,2454648,2555448,17104248,1283,False,4,4,84,4.5e-05,0.810811,0.47724,89,ReLU(),183,0.816602,0.404632,0.810811,0.372328,0.815315,0.397522,0.783784,0.288217,True,0.0038606666666667344,blood-transfusion-service-center,4,exp0090_politica_1_oracle_1m1l,,,0.9828977691027033,Individual,TTVHC,"[('train_overall_acc', 1), ('validation_overall_acc', 1), ('holdout_overall_acc', 1), ('epoch', 1)]"
0,2462811,2563611,17112411,1897,False,2,2,98,4.4e-05,0.824324,0.462352,85,LeakyReLU(negative_slope=0.01),297,0.80695,0.367584,0.824324,0.441903,0.812312,0.391102,0.810811,0.386503,True,0.011582666666666666,blood-transfusion-service-center,8,exp0090_politica_1_oracle_1m1l,,,0.9640102631547652,Individual,TTVHC,"[('train_overall_acc', 1), ('validation_overall_acc', 1), ('holdout_overall_acc', 1), ('epoch', 1)]"
0,2466285,2567085,17115885,1691,False,0,0,92,4.4e-05,0.817568,0.454072,89,LeakyReLU(negative_slope=0.01),291,0.80888,0.38069,0.817568,0.402049,0.810811,0.388314,0.797297,0.347935,True,0.005791999999999946,blood-transfusion-service-center,10,exp0090_politica_1_oracle_1m1l,,,0.9822847878319942,Individual,TTVHC,"[('train_overall_acc', 1), ('validation_overall_acc', 1), ('holdout_overall_acc', 1), ('epoch', 1)]"
0,2473651,2574451,17123251,1879,False,2,2,80,4.8e-05,0.824324,0.462628,85,LeakyReLU(negative_slope=0.01),279,0.80695,0.365238,0.824324,0.435646,0.815315,0.40051,0.797297,0.347935,True,0.011582666666666666,blood-transfusion-service-center,7,exp0090_politica_1_oracle_1m1l,,,0.9594951507882934,Individual,TTVHC,"[('train_overall_acc', 1), ('validation_overall_acc', 1), ('holdout_overall_acc', 1), ('epoch', 1)]"
0,2475958,2576758,17125558,1889,False,2,2,90,4.5e-05,0.804054,0.455733,87,LeakyReLU(negative_slope=0.01),289,0.80695,0.356646,0.804054,0.357386,0.807808,0.364836,0.783784,0.288217,True,0.002502666666666616,blood-transfusion-service-center,12,exp0090_politica_1_oracle_1m1l,,,0.980103485810653,Individual,TTVHC,"[('train_overall_acc', 1), ('validation_overall_acc', 1), ('holdout_overall_acc', 1), ('epoch', 1)]"
0,2485149,2585949,17134749,1795,False,1,1,96,4.9e-05,0.831081,0.476545,87,LeakyReLU(negative_slope=0.01),295,0.803089,0.358422,0.831081,0.458135,0.810811,0.386503,0.810811,0.386503,True,0.01866133333333327,blood-transfusion-service-center,3,exp0090_politica_1_oracle_1m1l,,,0.9820485209992442,Individual,TTVHC,"[('train_overall_acc', 1), ('validation_overall_acc', 1), ('holdout_overall_acc', 1), ('epoch', 1)]"
0,2491251,2592051,17140851,1173,False,3,3,74,4.3e-05,0.824324,0.448348,89,ReLU(),173,0.799228,0.32785,0.824324,0.430598,0.804805,0.353123,0.783784,0.288217,True,0.0167306666666666,blood-transfusion-service-center,15,exp0090_politica_1_oracle_1m1l,,,0.9834103593280572,Individual,TTVHC,"[('train_overall_acc', 1), ('validation_overall_acc', 1), ('holdout_overall_acc', 1), ('epoch', 1)]"
0,2495519,2596319,17145119,1771,False,1,1,72,4.8e-05,0.797297,0.444854,89,LeakyReLU(negative_slope=0.01),271,0.80695,0.365238,0.797297,0.327143,0.803303,0.352091,0.810811,0.386503,True,0.006435333333333275,blood-transfusion-service-center,1,exp0090_politica_1_oracle_1m1l,,,0.9769920086952518,Individual,TTVHC,"[('train_overall_acc', 1), ('validation_overall_acc', 1), ('holdout_overall_acc', 1), ('epoch', 1)]"
0,2502848,2603648,17152448,960,False,1,1,61,5e-05,0.831081,0.461839,87,ReLU(),160,0.803089,0.345624,0.831081,0.458135,0.809309,0.371489,0.783784,0.262558,True,0.01866133333333327,blood-transfusion-service-center,16,exp0090_politica_1_oracle_1m1l,,,0.9831658162708276,Individual,TTVHC,"[('train_overall_acc', 1), ('validation_overall_acc', 1), ('holdout_overall_acc', 1), ('epoch', 1)]"
0,2507148,2607948,17156748,1592,False,7,7,93,4.5e-05,0.824324,0.46822,86,ReLU(),192,0.80888,0.375951,0.824324,0.427213,0.813814,0.392603,0.797297,0.327143,True,0.010295999999999935,blood-transfusion-service-center,6,exp0090_politica_1_oracle_1m1l,,,0.964137197568227,Individual,TTVHC,"[('train_overall_acc', 1), ('validation_overall_acc', 1), ('holdout_overall_acc', 1), ('epoch', 1)]"
0,2511633,2612433,17161233,621,False,6,6,22,5.3e-05,0.916667,0.301831,88,Identity(),21,1.0,1.0,0.916667,0.8125,0.981481,0.958333,0.75,0.478091,True,0.055555333333333325,lsvt,17,exp0090_politica_1_oracle_1m1l,,,0.9658762925045019,Individual,TTVHC,"[('train_overall_acc', 1), ('validation_overall_acc', 1), ('holdout_overall_acc', 1), ('epoch', 1)]"
0,2515971,2616771,17165571,5040,False,2,2,41,5e-05,0.958333,0.180448,87,Tanh(),640,1.0,1.0,0.958333,0.912871,0.990741,0.97952,0.75,0.478091,True,0.027778000000000008,lsvt,18,exp0090_politica_1_oracle_1m1l,,,0.9663918253988459,Individual,TTVHC,"[('train_overall_acc', 1), ('validation_overall_acc', 1), ('holdout_overall_acc', 1), ('epoch', 1)]"
0,2522127,2622927,17171727,3114,False,7,7,15,5.6e-05,0.958333,0.266847,87,SELU(),314,1.0,1.0,0.958333,0.912871,0.990741,0.97952,0.75,0.478091,True,0.027778000000000008,lsvt,2,exp0090_politica_1_oracle_1m1l,,,0.9663918253988459,Individual,TTVHC,"[('train_overall_acc', 1), ('validation_overall_acc', 1), ('holdout_overall_acc', 1), ('epoch', 1)]"
0,2528201,2629001,17177801,2044,False,4,4,45,5.4e-05,0.958333,0.245274,86,LeakyReLU(negative_slope=0.01),244,1.0,1.0,0.958333,0.907485,0.990741,0.979236,0.916667,0.816497,True,0.027778000000000008,lsvt,5,exp0090_politica_1_oracle_1m1l,,,0.964142372244392,Individual,TTVHC,"[('train_overall_acc', 1), ('validation_overall_acc', 1), ('holdout_overall_acc', 1), ('epoch', 1)]"
0,2532802,2633602,17182402,1010,False,2,2,11,8.2e-05,0.916667,0.339341,89,ReLU(),110,0.988095,0.973328,0.916667,0.8125,0.972222,0.937269,0.666667,0.25,True,0.04761866666666662,lsvt,0,exp0090_politica_1_oracle_1m1l,,,0.9651392204913551,Individual,TTVHC,"[('train_overall_acc', 1), ('validation_overall_acc', 1), ('holdout_overall_acc', 1), ('epoch', 1)]"
0,2536880,2637680,17186480,2770,False,3,3,71,4.3e-05,1.0,0.175782,86,SELU(),370,1.0,1.0,1.0,1.0,1.0,1.0,0.75,0.478091,True,0.0,lsvt,13,exp0090_politica_1_oracle_1m1l,,,0.9832886882076411,Individual,TTVHC,"[('train_overall_acc', 1), ('validation_overall_acc', 1), ('holdout_overall_acc', 1), ('epoch', 1)]"
0,2545079,2645879,17194679,2352,False,7,7,53,5.2e-05,0.958333,0.206442,89,LeakyReLU(negative_slope=0.01),252,1.0,1.0,0.958333,0.912871,0.990741,0.97952,0.833333,0.625,True,0.027778000000000008,lsvt,14,exp0090_politica_1_oracle_1m1l,,,0.9684061778423422,Individual,TTVHC,"[('train_overall_acc', 1), ('validation_overall_acc', 1), ('holdout_overall_acc', 1), ('epoch', 1)]"
0,2548086,2648886,17197686,3854,False,6,6,55,5.4e-05,1.0,0.207167,89,GELU(approximate=False),454,1.0,1.0,1.0,1.0,1.0,1.0,0.75,0.478091,True,0.0,lsvt,11,exp0090_politica_1_oracle_1m1l,,,1.0,Individual,TTVHC,"[('train_overall_acc', 1), ('validation_overall_acc', 1), ('holdout_overall_acc', 1), ('epoch', 1)]"
0,2556715,2657515,17206315,3013,False,6,6,14,6.5e-05,0.916667,0.232665,89,SELU(),313,1.0,1.0,0.916667,0.8125,0.981481,0.958333,0.75,0.478091,True,0.055555333333333325,lsvt,4,exp0090_politica_1_oracle_1m1l,,,0.9664104537594244,Individual,TTVHC,"[('train_overall_acc', 1), ('validation_overall_acc', 1), ('holdout_overall_acc', 1), ('epoch', 1)]"
0,2559241,2660041,17208841,1521,False,7,7,22,6.2e-05,1.0,0.198499,88,ReLU(),121,1.0,1.0,1.0,1.0,1.0,1.0,0.75,0.478091,True,0.0,lsvt,8,exp0090_politica_1_oracle_1m1l,,,0.994397825409018,Individual,TTVHC,"[('train_overall_acc', 1), ('validation_overall_acc', 1), ('holdout_overall_acc', 1), ('epoch', 1)]"
0,2564929,2665729,17214529,5174,False,3,3,75,4.5e-05,1.0,0.126866,85,Tanh(),674,1.0,1.0,1.0,1.0,1.0,1.0,0.75,0.478091,True,0.0,lsvt,10,exp0090_politica_1_oracle_1m1l,,,0.9777819853276438,Individual,TTVHC,"[('train_overall_acc', 1), ('validation_overall_acc', 1), ('holdout_overall_acc', 1), ('epoch', 1)]"
0,2573449,2674249,17223049,1419,False,6,6,20,6.5e-05,0.916667,0.386092,87,ReLU(),119,1.0,1.0,0.916667,0.8125,0.981481,0.958333,0.75,0.408248,True,0.055555333333333325,lsvt,7,exp0090_politica_1_oracle_1m1l,,,0.9652850736520621,Individual,TTVHC,"[('train_overall_acc', 1), ('validation_overall_acc', 1), ('holdout_overall_acc', 1), ('epoch', 1)]"
0,2579332,2680132,17228932,3115,False,7,7,16,5.4e-05,0.916667,0.351863,89,SELU(),315,1.0,1.0,0.916667,0.83666,0.981481,0.959715,0.75,0.478091,True,0.055555333333333325,lsvt,12,exp0090_politica_1_oracle_1m1l,,,0.9389096857254557,Individual,TTVHC,"[('train_overall_acc', 1), ('validation_overall_acc', 1), ('holdout_overall_acc', 1), ('epoch', 1)]"
0,2584131,2684931,17233731,1689,False,0,0,90,4.7e-05,0.958333,0.216948,89,LeakyReLU(negative_slope=0.01),289,1.0,1.0,0.958333,0.907485,0.990741,0.979236,0.666667,0.25,True,0.027778000000000008,lsvt,3,exp0090_politica_1_oracle_1m1l,,,0.9684061778423422,Individual,TTVHC,"[('train_overall_acc', 1), ('validation_overall_acc', 1), ('holdout_overall_acc', 1), ('epoch', 1)]"
0,2587281,2688081,17236881,1139,False,3,3,40,5.6e-05,1.0,0.178013,88,ReLU(),139,1.0,1.0,1.0,1.0,1.0,1.0,0.833333,0.625,True,0.0,lsvt,15,exp0090_politica_1_oracle_1m1l,,,0.994397825409018,Individual,TTVHC,"[('train_overall_acc', 1), ('validation_overall_acc', 1), ('holdout_overall_acc', 1), ('epoch', 1)]"
0,2592843,2693643,17242443,3717,False,5,5,18,6.9e-05,1.0,0.228629,87,GELU(approximate=False),417,1.0,1.0,1.0,1.0,1.0,1.0,0.75,0.478091,True,0.0,lsvt,1,exp0090_politica_1_oracle_1m1l,,,0.9888273445880106,Individual,TTVHC,"[('train_overall_acc', 1), ('validation_overall_acc', 1), ('holdout_overall_acc', 1), ('epoch', 1)]"
0,2600626,2701426,17250226,2222,False,6,6,23,6.4e-05,0.958333,0.278599,89,LeakyReLU(negative_slope=0.01),222,1.0,1.0,0.958333,0.907485,0.990741,0.979236,0.75,0.408248,True,0.027778000000000008,lsvt,16,exp0090_politica_1_oracle_1m1l,,,1.0,Individual,TTVHC,"[('train_overall_acc', 1), ('validation_overall_acc', 1), ('holdout_overall_acc', 1), ('epoch', 1)]"
0,2604109,2704909,17253709,3654,False,4,4,55,5.5e-05,1.0,0.138894,89,GELU(approximate=False),454,1.0,1.0,1.0,1.0,1.0,1.0,0.75,0.478091,True,0.0,lsvt,6,exp0090_politica_1_oracle_1m1l,,,1.0,Individual,TTVHC,"[('train_overall_acc', 1), ('validation_overall_acc', 1), ('holdout_overall_acc', 1), ('epoch', 1)]"
0,2623903,2915103,17463903,947,False,1,1,48,6.5e-05,0.982143,0.073908,89,ReLU(),147,0.994898,0.989145,0.982143,0.961905,0.992063,0.983068,0.946429,0.88527,True,0.008503333333333307,wdbc,17,exp0090_politica_1_oracle_1m1l,,,0.9923185077632466,Individual,TTVHC,"[('train_overall_acc', 1), ('validation_overall_acc', 1), ('holdout_overall_acc', 1), ('epoch', 1)]"
0,2627150,2918350,17467150,2945,False,5,5,46,5.2e-05,0.991071,0.101435,89,SELU(),345,0.994898,0.989145,0.991071,0.981041,0.994048,0.987341,0.946429,0.88527,True,0.0025513333333332757,wdbc,18,exp0090_politica_1_oracle_1m1l,,,0.9979529367435053,Individual,TTVHC,"[('train_overall_acc', 1), ('validation_overall_acc', 1), ('holdout_overall_acc', 1), ('epoch', 1)]"
0,2633962,2925162,17473962,1721,False,1,1,22,8.4e-05,0.991071,0.071067,89,LeakyReLU(negative_slope=0.01),221,0.994898,0.989145,0.991071,0.981041,0.994048,0.987341,0.946429,0.88527,True,0.0025513333333332757,wdbc,2,exp0090_politica_1_oracle_1m1l,,,0.9979529367435053,Individual,TTVHC,"[('train_overall_acc', 1), ('validation_overall_acc', 1), ('holdout_overall_acc', 1), ('epoch', 1)]"
0,2640022,2931222,17480022,3282,False,0,0,83,5.8e-05,1.0,0.025249,89,GELU(approximate=False),482,0.992347,0.983739,1.0,1.0,0.994048,0.987341,0.946429,0.88527,True,0.005102000000000014,wdbc,5,exp0090_politica_1_oracle_1m1l,,,0.9959100789974846,Individual,TTVHC,"[('train_overall_acc', 1), ('validation_overall_acc', 1), ('holdout_overall_acc', 1), ('epoch', 1)]"
0,2644510,2935710,17484510,1957,False,3,3,58,6.2e-05,1.0,0.02898,88,LeakyReLU(negative_slope=0.01),257,0.992347,0.983739,1.0,1.0,0.994048,0.987341,0.946429,0.88527,True,0.005102000000000014,wdbc,0,exp0090_politica_1_oracle_1m1l,,,0.9940299460779969,Individual,TTVHC,"[('train_overall_acc', 1), ('validation_overall_acc', 1), ('holdout_overall_acc', 1), ('epoch', 1)]"
0,2650279,2941479,17490279,1510,False,7,7,11,0.000108,1.0,0.037413,89,ReLU(),110,0.992347,0.983739,1.0,1.0,0.994048,0.987341,0.946429,0.88527,True,0.005102000000000014,wdbc,13,exp0090_politica_1_oracle_1m1l,,,0.9979445213672713,Individual,TTVHC,"[('train_overall_acc', 1), ('validation_overall_acc', 1), ('holdout_overall_acc', 1), ('epoch', 1)]"
0,2656419,2947619,17496419,234,False,2,2,35,5.9e-05,1.0,0.035639,89,Identity(),34,0.992347,0.983739,1.0,1.0,0.994048,0.987341,0.946429,0.88527,True,0.005102000000000014,wdbc,14,exp0090_politica_1_oracle_1m1l,,,0.9979445213672713,Individual,TTVHC,"[('train_overall_acc', 1), ('validation_overall_acc', 1), ('holdout_overall_acc', 1), ('epoch', 1)]"
0,2662076,2953276,17502076,3846,False,6,6,47,6.4e-05,1.0,0.032031,89,GELU(approximate=False),446,0.992347,0.983739,1.0,1.0,0.994048,0.987341,0.946429,0.88527,True,0.005102000000000014,wdbc,11,exp0090_politica_1_oracle_1m1l,,,0.9979445213672713,Individual,TTVHC,"[('train_overall_acc', 1), ('validation_overall_acc', 1), ('holdout_overall_acc', 1), ('epoch', 1)]"
0,2665708,2956908,17505708,2820,False,4,4,21,6e-05,0.991071,0.100029,89,SELU(),320,0.989796,0.978231,0.991071,0.981041,0.990079,0.978822,0.964286,0.925125,True,0.0008500000000000174,wdbc,4,exp0090_politica_1_oracle_1m1l,,,0.9930825661712475,Individual,TTVHC,"[('train_overall_acc', 1), ('validation_overall_acc', 1), ('holdout_overall_acc', 1), ('epoch', 1)]"
0,2672841,2964041,17512841,5136,False,3,3,37,5.5e-05,0.991071,0.056813,89,Tanh(),636,0.994898,0.989145,0.991071,0.981041,0.994048,0.987341,0.946429,0.88527,True,0.0025513333333332757,wdbc,8,exp0090_politica_1_oracle_1m1l,,,0.9979529367435053,Individual,TTVHC,"[('train_overall_acc', 1), ('validation_overall_acc', 1), ('holdout_overall_acc', 1), ('epoch', 1)]"
0,2679815,2971015,17519815,3837,False,6,6,38,6.7e-05,1.0,0.032506,88,GELU(approximate=False),437,0.992347,0.983739,1.0,1.0,0.994048,0.987341,0.946429,0.88527,True,0.005102000000000014,wdbc,10,exp0090_politica_1_oracle_1m1l,,,0.9934217987051792,Individual,TTVHC,"[('train_overall_acc', 1), ('validation_overall_acc', 1), ('holdout_overall_acc', 1), ('epoch', 1)]"
0,2682753,2973953,17522753,2268,False,6,6,69,5.5e-05,0.991071,0.062752,89,LeakyReLU(negative_slope=0.01),268,0.992347,0.983739,0.991071,0.981041,0.992063,0.983139,0.946429,0.88527,True,0.0008506666666666293,wdbc,7,exp0090_politica_1_oracle_1m1l,,,0.9873637164374205,Individual,TTVHC,"[('train_overall_acc', 1), ('validation_overall_acc', 1), ('holdout_overall_acc', 1), ('epoch', 1)]"
0,2690655,2981855,17530655,1603,False,0,0,4,0.000204,1.0,0.064886,89,LeakyReLU(negative_slope=0.01),203,0.984694,0.967315,1.0,1.0,0.988095,0.974584,0.964286,0.925125,True,0.010204000000000027,wdbc,12,exp0090_politica_1_oracle_1m1l,,,0.9904969174770556,Individual,TTVHC,"[('train_overall_acc', 1), ('validation_overall_acc', 1), ('holdout_overall_acc', 1), ('epoch', 1)]"
0,2695901,2987101,17535901,4131,False,1,1,32,0.000107,1.0,0.061214,88,Sigmoid(),531,0.987245,0.972767,1.0,1.0,0.990079,0.978822,0.946429,0.88527,True,0.008503333333333307,wdbc,3,exp0090_politica_1_oracle_1m1l,,,0.9906586608350335,Individual,TTVHC,"[('train_overall_acc', 1), ('validation_overall_acc', 1), ('holdout_overall_acc', 1), ('epoch', 1)]"
0,2702389,2993589,17542389,411,False,4,4,12,8.5e-05,1.0,0.062516,89,Identity(),11,0.989796,0.97823,1.0,1.0,0.992063,0.983068,0.946429,0.88527,True,0.006802666666666661,wdbc,15,exp0090_politica_1_oracle_1m1l,,,0.9955904132203833,Individual,TTVHC,"[('train_overall_acc', 1), ('validation_overall_acc', 1), ('holdout_overall_acc', 1), ('epoch', 1)]"
0,2706712,2997912,17546712,334,False,3,3,35,5.6e-05,0.991071,0.063256,89,Identity(),34,0.994898,0.989145,0.991071,0.981041,0.994048,0.987341,0.946429,0.88527,True,0.0025513333333332757,wdbc,1,exp0090_politica_1_oracle_1m1l,,,0.9979529367435053,Individual,TTVHC,"[('train_overall_acc', 1), ('validation_overall_acc', 1), ('holdout_overall_acc', 1), ('epoch', 1)]"
0,2712732,3003932,17552732,2514,False,1,1,15,6.8e-05,1.0,0.042941,89,SELU(),314,0.987245,0.972767,1.0,1.0,0.990079,0.978822,0.946429,0.88527,True,0.008503333333333307,wdbc,16,exp0090_politica_1_oracle_1m1l,,,0.9930602442229574,Individual,TTVHC,"[('train_overall_acc', 1), ('validation_overall_acc', 1), ('holdout_overall_acc', 1), ('epoch', 1)]"
0,2716995,3008195,17556995,956,False,1,1,57,6.2e-05,0.991071,0.088976,88,ReLU(),156,0.994898,0.989145,0.991071,0.981041,0.994048,0.987341,0.946429,0.88527,True,0.0025513333333332757,wdbc,6,exp0090_politica_1_oracle_1m1l,,,0.9940328425746993,Individual,TTVHC,"[('train_overall_acc', 1), ('validation_overall_acc', 1), ('holdout_overall_acc', 1), ('epoch', 1)]"
0,2726140,3017340,17566140,1191,False,3,3,92,0.000186,0.914844,0.223561,89,ReLU(),191,0.931027,0.91487,0.914844,0.894873,0.929514,0.91304,0.903125,0.880738,True,0.010788666666666705,satimage,17,exp0090_politica_1_oracle_1m1l,,,0.9903550280313912,Individual,TTVHC,"[('train_overall_acc', 1), ('validation_overall_acc', 1), ('holdout_overall_acc', 1), ('epoch', 1)]"
0,2732345,3023545,17572345,1298,False,4,4,99,0.000179,0.907031,0.260806,89,ReLU(),198,0.934375,0.919026,0.907031,0.885163,0.930556,0.91428,0.90625,0.884272,True,0.01822933333333328,satimage,18,exp0090_politica_1_oracle_1m1l,,,0.9881871452898475,Individual,TTVHC,"[('train_overall_acc', 1), ('validation_overall_acc', 1), ('holdout_overall_acc', 1), ('epoch', 1)]"
0,2734844,3026044,17574844,894,False,0,0,95,0.000182,0.91875,0.210287,88,ReLU(),194,0.929464,0.912889,0.91875,0.899785,0.92934,0.912947,0.904688,0.882518,True,0.007142666666666668,satimage,2,exp0090_politica_1_oracle_1m1l,,,0.9867212845097243,Individual,TTVHC,"[('train_overall_acc', 1), ('validation_overall_acc', 1), ('holdout_overall_acc', 1), ('epoch', 1)]"
0,2739452,3030652,17579452,1591,False,7,7,92,0.00019,0.922656,0.228735,89,ReLU(),191,0.926562,0.909412,0.922656,0.9046,0.926042,0.908863,0.896875,0.872976,True,0.0026039999999999766,satimage,5,exp0090_politica_1_oracle_1m1l,,,0.9869557996039616,Individual,TTVHC,"[('train_overall_acc', 1), ('validation_overall_acc', 1), ('holdout_overall_acc', 1), ('epoch', 1)]"
0,2749053,3040253,17589053,1298,False,4,4,99,0.000189,0.914844,0.252336,89,ReLU(),198,0.933929,0.918441,0.914844,0.894969,0.928125,0.911382,0.9125,0.892079,True,0.012723333333333345,satimage,0,exp0090_politica_1_oracle_1m1l,,,0.9877907836462602,Individual,TTVHC,"[('train_overall_acc', 1), ('validation_overall_acc', 1), ('holdout_overall_acc', 1), ('epoch', 1)]"
0,2753884,3045084,17593884,1198,False,3,3,99,0.000185,0.919531,0.229006,89,ReLU(),198,0.93058,0.914283,0.919531,0.900749,0.92934,0.912835,0.903125,0.880571,True,0.007365999999999984,satimage,13,exp0090_politica_1_oracle_1m1l,,,0.9896817031535688,Individual,TTVHC,"[('train_overall_acc', 1), ('validation_overall_acc', 1), ('holdout_overall_acc', 1), ('epoch', 1)]"
0,2758065,3049265,17598065,896,False,0,0,97,0.000187,0.924219,0.223295,89,ReLU(),196,0.930804,0.914597,0.924219,0.906422,0.930729,0.914575,0.90625,0.884553,True,0.004389999999999968,satimage,14,exp0090_politica_1_oracle_1m1l,,,0.9919415196156105,Individual,TTVHC,"[('train_overall_acc', 1), ('validation_overall_acc', 1), ('holdout_overall_acc', 1), ('epoch', 1)]"
0,2765520,3056720,17605520,2197,False,5,5,98,0.000182,0.916406,0.226516,89,LeakyReLU(negative_slope=0.01),297,0.934152,0.918746,0.916406,0.896755,0.928472,0.911722,0.904688,0.882423,True,0.01183066666666662,satimage,11,exp0090_politica_1_oracle_1m1l,,,0.9928157916601534,Individual,TTVHC,"[('train_overall_acc', 1), ('validation_overall_acc', 1), ('holdout_overall_acc', 1), ('epoch', 1)]"
0,2767812,3059012,17607812,1495,False,6,6,96,0.000186,0.925781,0.221727,89,ReLU(),195,0.927902,0.910994,0.925781,0.908586,0.929861,0.913552,0.90625,0.884521,True,0.0027200000000000557,satimage,4,exp0090_politica_1_oracle_1m1l,,,0.9880950065682266,Individual,TTVHC,"[('train_overall_acc', 1), ('validation_overall_acc', 1), ('holdout_overall_acc', 1), ('epoch', 1)]"
0,2775573,3066773,17615573,996,False,1,1,97,0.000184,0.914062,0.233722,89,ReLU(),196,0.932143,0.916207,0.914062,0.893894,0.928993,0.912319,0.903125,0.880335,True,0.01205400000000001,satimage,8,exp0090_politica_1_oracle_1m1l,,,0.9915174007330843,Individual,TTVHC,"[('train_overall_acc', 1), ('validation_overall_acc', 1), ('holdout_overall_acc', 1), ('epoch', 1)]"
0,2782501,3073701,17622501,1588,False,7,7,89,0.000197,0.915625,0.226311,89,ReLU(),188,0.933705,0.918236,0.915625,0.895802,0.929688,0.913246,0.90625,0.884327,True,0.012053333333333324,satimage,10,exp0090_politica_1_oracle_1m1l,,,0.9899316594906319,Individual,TTVHC,"[('train_overall_acc', 1), ('validation_overall_acc', 1), ('holdout_overall_acc', 1), ('epoch', 1)]"
0,2788049,3079249,17628049,2391,False,7,7,92,0.000181,0.911719,0.233426,89,LeakyReLU(negative_slope=0.01),291,0.932143,0.91625,0.911719,0.891134,0.92934,0.912797,0.90625,0.884282,True,0.013616000000000072,satimage,7,exp0090_politica_1_oracle_1m1l,,,0.9889100508656324,Individual,TTVHC,"[('train_overall_acc', 1), ('validation_overall_acc', 1), ('holdout_overall_acc', 1), ('epoch', 1)]"
0,2790226,3081426,17630226,993,False,1,1,94,0.00018,0.929688,0.201309,88,ReLU(),193,0.926116,0.908792,0.929688,0.913334,0.928993,0.912409,0.90625,0.884406,True,0.0023813333333332722,satimage,12,exp0090_politica_1_oracle_1m1l,,,0.9867086523912011,Individual,TTVHC,"[('train_overall_acc', 1), ('validation_overall_acc', 1), ('holdout_overall_acc', 1), ('epoch', 1)]"
0,2797895,3089095,17637895,2297,False,6,6,98,0.000177,0.909375,0.249652,88,LeakyReLU(negative_slope=0.01),297,0.93058,0.914293,0.909375,0.888269,0.92934,0.912858,0.896875,0.872913,True,0.014136666666666612,satimage,3,exp0090_politica_1_oracle_1m1l,,,0.9876385208096393,Individual,TTVHC,"[('train_overall_acc', 1), ('validation_overall_acc', 1), ('holdout_overall_acc', 1), ('epoch', 1)]"
0,2802383,3093583,17642383,1085,False,2,2,86,0.000192,0.921875,0.220514,89,ReLU(),185,0.929241,0.912645,0.921875,0.90359,0.92934,0.912822,0.903125,0.880575,True,0.004976666666666703,satimage,15,exp0090_politica_1_oracle_1m1l,,,0.98997341614708,Individual,TTVHC,"[('train_overall_acc', 1), ('validation_overall_acc', 1), ('holdout_overall_acc', 1), ('epoch', 1)]"
0,2810807,3102007,17650807,2397,False,7,7,98,0.000183,0.9125,0.239305,89,LeakyReLU(negative_slope=0.01),297,0.934821,0.91956,0.9125,0.8919,0.930556,0.914296,0.901563,0.878564,True,0.01488066666666669,satimage,1,exp0090_politica_1_oracle_1m1l,,,0.9871654226330224,Individual,TTVHC,"[('train_overall_acc', 1), ('validation_overall_acc', 1), ('holdout_overall_acc', 1), ('epoch', 1)]"
0,2814684,3105884,17654684,2087,False,4,4,88,0.000196,0.915625,0.241362,89,LeakyReLU(negative_slope=0.01),287,0.929241,0.912653,0.915625,0.895822,0.928299,0.911516,0.904688,0.882379,True,0.009077333333333307,satimage,16,exp0090_politica_1_oracle_1m1l,,,0.9872889231495673,Individual,TTVHC,"[('train_overall_acc', 1), ('validation_overall_acc', 1), ('holdout_overall_acc', 1), ('epoch', 1)]"
0,2817751,3108951,17657751,995,False,1,1,96,0.000185,0.925781,0.205211,89,ReLU(),195,0.926116,0.908803,0.925781,0.908447,0.928125,0.911294,0.909375,0.888278,True,0.001562666666666675,satimage,6,exp0090_politica_1_oracle_1m1l,,,0.9848597101857766,Individual,TTVHC,"[('train_overall_acc', 1), ('validation_overall_acc', 1), ('holdout_overall_acc', 1), ('epoch', 1)]"
0,3026622,3508222,27369822,1175,False,3,3,76,0.000173,0.873737,0.529804,89,ReLU(),175,0.900433,0.890731,0.873737,0.861619,0.894501,0.884156,0.858586,0.845489,True,0.01779733333333337,vowel(2),17,exp0090_politica_1_oracle_1m1l,,,0.9602415651367966,Individual,TTVHC,"[('train_overall_acc', 1), ('validation_overall_acc', 1), ('holdout_overall_acc', 1), ('epoch', 1)]"
0,3032441,3514041,27375641,3495,False,2,2,96,0.000167,0.89899,0.471153,88,GELU(),495,0.923521,0.91611,0.89899,0.890665,0.920314,0.912758,0.858586,0.846633,True,0.016354000000000053,vowel(2),18,exp0090_politica_1_oracle_1m1l,,,0.9775196033438033,Individual,TTVHC,"[('train_overall_acc', 1), ('validation_overall_acc', 1), ('holdout_overall_acc', 1), ('epoch', 1)]"
0,3038459,3520059,27381659,1396,False,5,5,97,0.000157,0.883838,0.493341,89,ReLU(),196,0.919192,0.911424,0.883838,0.873326,0.914703,0.906613,0.838384,0.824539,True,0.02356933333333333,vowel(2),2,exp0090_politica_1_oracle_1m1l,,,0.9704134746910711,Individual,TTVHC,"[('train_overall_acc', 1), ('validation_overall_acc', 1), ('holdout_overall_acc', 1), ('epoch', 1)]"
0,3043944,3525544,27387144,1398,False,5,5,99,0.000155,0.944444,0.478156,89,ReLU(),198,0.920635,0.912878,0.944444,0.9391,0.929293,0.922339,0.868687,0.856903,True,0.015872666666666646,vowel(2),5,exp0090_politica_1_oracle_1m1l,,,0.9870048399619676,Individual,TTVHC,"[('train_overall_acc', 1), ('validation_overall_acc', 1), ('holdout_overall_acc', 1), ('epoch', 1)]"
0,3049161,3530761,27392361,3996,False,7,7,97,0.000167,0.89899,0.460872,89,GELU(),496,0.919192,0.911506,0.89899,0.889288,0.916947,0.908975,0.888889,0.879061,True,0.013468000000000035,vowel(2),0,exp0090_politica_1_oracle_1m1l,,,0.971797152461532,Individual,TTVHC,"[('train_overall_acc', 1), ('validation_overall_acc', 1), ('holdout_overall_acc', 1), ('epoch', 1)]"
0,3055459,3537059,27398659,896,False,0,0,97,0.00016,0.90404,0.489556,89,ReLU(),196,0.932179,0.925717,0.90404,0.894721,0.927048,0.920021,0.868687,0.857869,True,0.01875933333333335,vowel(2),13,exp0090_politica_1_oracle_1m1l,,,0.9680703027621277,Individual,TTVHC,"[('train_overall_acc', 1), ('validation_overall_acc', 1), ('holdout_overall_acc', 1), ('epoch', 1)]"
0,3060677,3542277,27403877,3499,False,2,2,100,0.000162,0.878788,0.496259,88,GELU(),499,0.917749,0.909676,0.878788,0.867519,0.911336,0.902709,0.818182,0.801983,True,0.025974000000000014,vowel(2),14,exp0090_politica_1_oracle_1m1l,,,0.9699775260975771,Individual,TTVHC,"[('train_overall_acc', 1), ('validation_overall_acc', 1), ('holdout_overall_acc', 1), ('epoch', 1)]"
0,3065778,3547378,27408978,1395,False,5,5,96,0.000159,0.89899,0.488925,89,ReLU(),195,0.924964,0.917675,0.89899,0.889088,0.919192,0.911259,0.909091,0.901621,True,0.017316000000000036,vowel(2),11,exp0090_politica_1_oracle_1m1l,,,0.9743957884564304,Individual,TTVHC,"[('train_overall_acc', 1), ('validation_overall_acc', 1), ('holdout_overall_acc', 1), ('epoch', 1)]"
0,3069341,3550941,27412541,1390,False,5,5,91,0.000162,0.909091,0.498835,87,ReLU(),190,0.916306,0.908167,0.909091,0.901037,0.914703,0.906479,0.878788,0.868325,True,0.004809999999999981,vowel(2),4,exp0090_politica_1_oracle_1m1l,,,0.9756707202176251,Individual,TTVHC,"[('train_overall_acc', 1), ('validation_overall_acc', 1), ('holdout_overall_acc', 1), ('epoch', 1)]"
0,3078338,3559938,27421538,3894,False,6,6,95,0.000168,0.868687,0.494488,89,GELU(),494,0.920635,0.912822,0.868687,0.856421,0.911336,0.902708,0.838384,0.824632,True,0.034631999999999996,vowel(2),8,exp0090_politica_1_oracle_1m1l,,,0.9660455901854601,Individual,TTVHC,"[('train_overall_acc', 1), ('validation_overall_acc', 1), ('holdout_overall_acc', 1), ('epoch', 1)]"
0,3080587,3562187,27423787,1191,False,3,3,92,0.000157,0.90404,0.49496,88,ReLU(),191,0.906205,0.897123,0.90404,0.894846,0.909091,0.900191,0.808081,0.792904,True,0.003367333333333352,vowel(2),10,exp0090_politica_1_oracle_1m1l,,,0.9677720168342124,Individual,TTVHC,"[('train_overall_acc', 1), ('validation_overall_acc', 1), ('holdout_overall_acc', 1), ('epoch', 1)]"
0,3088438,3570038,27431638,3299,False,0,0,100,0.000165,0.883838,0.47273,89,GELU(),499,0.91342,0.904953,0.883838,0.872957,0.907969,0.898941,0.89899,0.890389,True,0.01972133333333333,vowel(2),7,exp0090_politica_1_oracle_1m1l,,,0.9623467614251636,Individual,TTVHC,"[('train_overall_acc', 1), ('validation_overall_acc', 1), ('holdout_overall_acc', 1), ('epoch', 1)]"
0,3091910,3573510,27435110,998,False,1,1,99,0.000155,0.929293,0.482569,86,ReLU(),198,0.922078,0.914455,0.929293,0.922533,0.924804,0.917461,0.878788,0.867739,True,0.004810000000000055,vowel(2),12,exp0090_politica_1_oracle_1m1l,,,0.9786469441128599,Individual,TTVHC,"[('train_overall_acc', 1), ('validation_overall_acc', 1), ('holdout_overall_acc', 1), ('epoch', 1)]"
0,3098819,3580419,27442019,1691,False,0,0,92,0.000162,0.89899,0.496794,89,LeakyReLU(negative_slope=0.01),291,0.917749,0.909776,0.89899,0.889638,0.91358,0.905254,0.868687,0.857386,True,0.012506000000000054,vowel(2),3,exp0090_politica_1_oracle_1m1l,,,0.9748329377021411,Individual,TTVHC,"[('train_overall_acc', 1), ('validation_overall_acc', 1), ('holdout_overall_acc', 1), ('epoch', 1)]"
0,3104114,3585714,27447314,3384,False,1,1,85,0.000176,0.893939,0.510374,89,GELU(),484,0.909091,0.900095,0.893939,0.884277,0.907969,0.898967,0.838384,0.824446,True,0.010101333333333296,vowel(2),15,exp0090_politica_1_oracle_1m1l,,,0.9694885799734873,Individual,TTVHC,"[('train_overall_acc', 1), ('validation_overall_acc', 1), ('holdout_overall_acc', 1), ('epoch', 1)]"
0,3109907,3591507,27453107,1588,False,7,7,89,0.000166,0.893939,0.512242,89,ReLU(),188,0.911977,0.903266,0.893939,0.883581,0.910213,0.901333,0.838384,0.822962,True,0.012025333333333332,vowel(2),1,exp0090_politica_1_oracle_1m1l,,,0.9640794814817657,Individual,TTVHC,"[('train_overall_acc', 1), ('validation_overall_acc', 1), ('holdout_overall_acc', 1), ('epoch', 1)]"
0,3115413,3597013,27458613,3397,False,1,1,98,0.000166,0.90404,0.44531,89,GELU(),497,0.922078,0.914661,0.90404,0.894871,0.916947,0.90898,0.878788,0.868227,True,0.012025333333333332,vowel(2),16,exp0090_politica_1_oracle_1m1l,,,0.9714572729295397,Individual,TTVHC,"[('train_overall_acc', 1), ('validation_overall_acc', 1), ('holdout_overall_acc', 1), ('epoch', 1)]"
0,3123184,3604784,27466384,1595,False,7,7,96,0.000155,0.873737,0.532735,87,ReLU(),195,0.919192,0.911385,0.873737,0.861885,0.91358,0.905252,0.818182,0.80117,True,0.03030333333333335,vowel(2),6,exp0090_politica_1_oracle_1m1l,,,0.9689378871112261,Individual,TTVHC,"[('train_overall_acc', 1), ('validation_overall_acc', 1), ('holdout_overall_acc', 1), ('epoch', 1)]"
