,index,Unnamed: 0,model_id,selected,fold,repetition,num_neurons,weight_regularization,monitored_metric,loss,epoch,activation_name,architecture_id,train_overall_acc,train_matthews_corrcoef,validation_overall_acc,validation_matthews_corrcoef,holdout_overall_acc,holdout_matthews_corrcoef,test_overall_acc,test_matthews_corrcoef,dominant_solution,mean_diffs,dataset,run,experiment,validation_loss,holdout_loss,group,policy,mcdm_tuples
5000,5000,12336200,1385,False,5,5,86,6.2e-05,0.914286,0.169268,96,ReLU(),185,0.987805,0.973467,0.914286,0.817018,0.971519,0.938268,0.971429,0.939651,False,0.04901266666666667,ionosphere,17,exp0090_politica_1_oracle_1m1l_nosbss,,,Individual,Train,"[('train_overall_acc', 1), ('num_neurons', -1)]"
7843,7843,12339043,1481,False,6,6,82,6.2e-05,0.957143,0.211471,95,ReLU(),181,0.97561,0.9467,0.957143,0.910028,0.971519,0.938268,0.942857,0.880705,False,0.01231133333333334,ionosphere,18,exp0090_politica_1_oracle_1m1l_nosbss,,,Individual,Train,"[('train_overall_acc', 1), ('num_neurons', -1)]"
15596,15596,12346796,2066,False,4,4,67,6.8e-05,0.928571,0.228828,98,LeakyReLU(negative_slope=0.01),266,0.979675,0.956164,0.928571,0.844072,0.968354,0.931484,0.914286,0.822753,True,0.034069333333333285,ionosphere,2,exp0090_politica_1_oracle_1m1l_nosbss,,,Individual,Train,"[('train_overall_acc', 1), ('num_neurons', -1)]"
21015,21015,12352215,1080,False,2,2,81,6e-05,0.914286,0.235183,91,ReLU(),180,0.979675,0.956164,0.914286,0.81325,0.96519,0.924715,0.857143,0.708113,False,0.04359266666666661,ionosphere,5,exp0090_politica_1_oracle_1m1l_nosbss,,,Individual,Train,"[('train_overall_acc', 1), ('num_neurons', -1)]"
27065,27065,12358265,1284,False,4,4,85,6.1e-05,0.915493,0.205523,99,ReLU(),184,0.983673,0.964607,0.915493,0.817949,0.971519,0.937845,0.942857,0.880705,True,0.045453333333333346,ionosphere,0,exp0090_politica_1_oracle_1m1l_nosbss,,,Individual,Train,"[('train_overall_acc', 1), ('num_neurons', -1)]"
32851,32851,12364051,971,False,1,1,72,6.7e-05,0.914286,0.214503,96,ReLU(),171,0.979675,0.956394,0.914286,0.808974,0.96519,0.924715,0.914286,0.815076,False,0.04359266666666661,ionosphere,13,exp0090_politica_1_oracle_1m1l_nosbss,,,Individual,Train,"[('train_overall_acc', 1), ('num_neurons', -1)]"
39176,39176,12370376,1888,False,2,2,89,6e-05,0.871429,0.342859,84,LeakyReLU(negative_slope=0.01),288,0.98374,0.965053,0.871429,0.709659,0.958861,0.910664,0.857143,0.691861,False,0.07487399999999995,ionosphere,14,exp0090_politica_1_oracle_1m1l_nosbss,,,Individual,Train,"[('train_overall_acc', 1), ('num_neurons', -1)]"
43953,43953,12375153,1359,False,5,5,60,6.8e-05,0.9,0.273757,99,ReLU(),159,0.979675,0.956164,0.9,0.789352,0.96519,0.925341,0.914286,0.822753,True,0.053116666666666625,ionosphere,11,exp0090_politica_1_oracle_1m1l_nosbss,,,Individual,Train,"[('train_overall_acc', 1), ('num_neurons', -1)]"
48744,48744,12379944,1399,False,5,5,100,5.8e-05,0.928571,0.199391,97,ReLU(),199,0.979675,0.955773,0.928571,0.844072,0.968354,0.931116,0.971429,0.939651,False,0.034069333333333285,ionosphere,4,exp0090_politica_1_oracle_1m1l_nosbss,,,Individual,Train,"[('train_overall_acc', 1), ('num_neurons', -1)]"
55484,55484,12386684,2397,False,7,7,98,6e-05,0.928571,0.190394,96,LeakyReLU(negative_slope=0.01),297,0.98374,0.964401,0.928571,0.851631,0.971519,0.938268,0.942857,0.880705,False,0.036779333333333275,ionosphere,8,exp0090_politica_1_oracle_1m1l_nosbss,,,Individual,Train,"[('train_overall_acc', 1), ('num_neurons', -1)]"
59924,59924,12391124,1289,False,4,4,90,6.1e-05,0.929577,0.236463,97,ReLU(),189,0.983673,0.964607,0.929577,0.847445,0.971519,0.937963,0.885714,0.765375,False,0.03606400000000002,ionosphere,10,exp0090_politica_1_oracle_1m1l_nosbss,,,Individual,Train,"[('train_overall_acc', 1), ('num_neurons', -1)]"
66095,66095,12397295,2277,False,6,6,78,6.5e-05,0.914286,0.221803,96,LeakyReLU(negative_slope=0.01),277,0.979675,0.955537,0.914286,0.817018,0.96519,0.924284,1.0,1.0,False,0.04359266666666661,ionosphere,7,exp0090_politica_1_oracle_1m1l_nosbss,,,Individual,Train,"[('train_overall_acc', 1), ('num_neurons', -1)]"
70169,70169,12401369,1573,False,7,7,74,6.5e-05,0.942857,0.201869,99,ReLU(),173,0.97561,0.946987,0.942857,0.87831,0.968354,0.931484,0.942857,0.877622,False,0.021835333333333356,ionosphere,12,exp0090_politica_1_oracle_1m1l_nosbss,,,Individual,Train,"[('train_overall_acc', 1), ('num_neurons', -1)]"
78295,78295,12409495,1090,False,2,2,91,5.8e-05,0.9,0.254237,84,ReLU(),190,0.98374,0.964768,0.9,0.784079,0.96519,0.924715,0.942857,0.880705,False,0.055826666666666615,ionosphere,3,exp0090_politica_1_oracle_1m1l_nosbss,,,Individual,Train,"[('train_overall_acc', 1), ('num_neurons', -1)]"
83826,83826,12415026,2390,False,7,7,91,5.9e-05,0.914286,0.218228,89,LeakyReLU(negative_slope=0.01),290,0.979675,0.955537,0.914286,0.817018,0.96519,0.924284,0.942857,0.880705,False,0.04359266666666661,ionosphere,15,exp0090_politica_1_oracle_1m1l_nosbss,,,Individual,Train,"[('train_overall_acc', 1), ('num_neurons', -1)]"
88418,88418,12419618,2073,False,4,4,74,6.4e-05,0.942857,0.173629,98,LeakyReLU(negative_slope=0.01),273,0.987805,0.973607,0.942857,0.87831,0.977848,0.952252,0.885714,0.75333,True,0.0299653333333334,ionosphere,1,exp0090_politica_1_oracle_1m1l_nosbss,,,Individual,Train,"[('train_overall_acc', 1), ('num_neurons', -1)]"
94540,94540,12425740,1694,False,0,0,95,6.3e-05,0.915493,0.210501,98,LeakyReLU(negative_slope=0.01),294,0.979592,0.955364,0.915493,0.818301,0.96519,0.924042,0.942857,0.880705,False,0.042732666666666676,ionosphere,16,exp0090_politica_1_oracle_1m1l_nosbss,,,Individual,Train,"[('train_overall_acc', 1), ('num_neurons', -1)]"
100577,100577,12431777,1291,False,4,4,92,6e-05,0.9,0.224995,99,ReLU(),191,0.99187,0.982373,0.9,0.782531,0.971519,0.938268,0.914286,0.815076,False,0.06124666666666667,ionosphere,6,exp0090_politica_1_oracle_1m1l_nosbss,,,Individual,Train,"[('train_overall_acc', 1), ('num_neurons', -1)]"
104626,104626,12435826,2772,False,3,3,73,3.5e-05,0.772727,0.56964,95,SELU(),372,0.814126,0.578636,0.772727,0.523364,0.794798,0.553376,0.815789,0.584109,True,0.02759933333333331,diabetes,17,exp0090_politica_1_oracle_1m1l_nosbss,,,Individual,Train,"[('train_overall_acc', 1), ('num_neurons', -1)]"
111667,111667,12442867,2668,False,2,2,69,3.9e-05,0.745098,0.632714,90,SELU(),368,0.818182,0.588811,0.745098,0.489445,0.781792,0.543867,0.736842,0.46679,False,0.048722666666666616,diabetes,18,exp0090_politica_1_oracle_1m1l_nosbss,,,Individual,Train,"[('train_overall_acc', 1), ('num_neurons', -1)]"
116960,116960,12448160,2888,False,4,4,89,3.7e-05,0.766234,0.497386,99,SELU(),388,0.830855,0.620521,0.766234,0.496047,0.810694,0.579726,0.815789,0.576829,True,0.04308066666666669,diabetes,2,exp0090_politica_1_oracle_1m1l_nosbss,,,Individual,Train,"[('train_overall_acc', 1), ('num_neurons', -1)]"
122635,122635,12453835,2897,False,4,4,98,3.6e-05,0.746753,0.583807,96,SELU(),397,0.817844,0.587795,0.746753,0.451308,0.786127,0.539634,0.776316,0.507835,False,0.04739400000000001,diabetes,5,exp0090_politica_1_oracle_1m1l_nosbss,,,Individual,Train,"[('train_overall_acc', 1), ('num_neurons', -1)]"
128561,128561,12459761,2895,False,4,4,96,3.7e-05,0.74026,0.601856,99,SELU(),395,0.825279,0.605113,0.74026,0.470145,0.809249,0.592696,0.75,0.430552,True,0.056679333333333304,diabetes,0,exp0090_politica_1_oracle_1m1l_nosbss,,,Individual,Train,"[('train_overall_acc', 1), ('num_neurons', -1)]"
130738,130738,12461938,2595,False,1,1,96,3.6e-05,0.798701,0.472748,70,SELU(),395,0.804833,0.559095,0.798701,0.542303,0.786127,0.515615,0.736842,0.37596,False,0.012470666666666666,diabetes,13,exp0090_politica_1_oracle_1m1l_nosbss,,,Individual,Train,"[('train_overall_acc', 1), ('num_neurons', -1)]"
139235,139235,12470435,2891,False,4,4,92,3.3e-05,0.75974,0.552848,96,SELU(),391,0.815985,0.583938,0.75974,0.445759,0.791907,0.524902,0.684211,0.250646,False,0.03749666666666666,diabetes,14,exp0090_politica_1_oracle_1m1l_nosbss,,,Individual,Train,"[('train_overall_acc', 1), ('num_neurons', -1)]"
144734,144734,12475934,2562,False,1,1,63,4e-05,0.766234,0.561732,86,SELU(),362,0.827138,0.613849,0.766234,0.464708,0.786127,0.510568,0.710526,0.301244,False,0.04060266666666671,diabetes,11,exp0090_politica_1_oracle_1m1l_nosbss,,,Individual,Train,"[('train_overall_acc', 1), ('num_neurons', -1)]"
150536,150536,12481736,3183,False,7,7,84,3.6e-05,0.751634,0.534479,90,SELU(),383,0.816327,0.585923,0.751634,0.451509,0.786127,0.528881,0.763158,0.464775,False,0.04312866666666667,diabetes,4,exp0090_politica_1_oracle_1m1l_nosbss,,,Individual,Train,"[('train_overall_acc', 1), ('num_neurons', -1)]"
156167,156167,12487367,2496,False,0,0,97,3.7e-05,0.745098,0.606313,94,SELU(),396,0.816327,0.584763,0.745098,0.462299,0.800578,0.575125,0.710526,0.396179,True,0.047485999999999993,diabetes,8,exp0090_politica_1_oracle_1m1l_nosbss,,,Individual,Train,"[('train_overall_acc', 1), ('num_neurons', -1)]"
161570,161570,12492770,2599,False,1,1,100,3.6e-05,0.753247,0.504364,98,SELU(),399,0.815985,0.58431,0.753247,0.442128,0.809249,0.573645,0.684211,0.250646,True,0.041825333333333305,diabetes,10,exp0090_politica_1_oracle_1m1l_nosbss,,,Individual,Train,"[('train_overall_acc', 1), ('num_neurons', -1)]"
167822,167822,12499022,5389,False,5,5,90,3.3e-05,0.720779,0.622957,99,Tanh(),689,0.810409,0.573252,0.720779,0.389492,0.789017,0.527516,0.789474,0.511593,True,0.0597533333333334,diabetes,7,exp0090_politica_1_oracle_1m1l_nosbss,,,Individual,Train,"[('train_overall_acc', 1), ('num_neurons', -1)]"
172721,172721,12503921,3145,False,7,7,46,4e-05,0.751634,0.595104,90,SELU(),345,0.810761,0.575459,0.751634,0.442371,0.803468,0.559467,0.789474,0.51821,True,0.03941799999999995,diabetes,12,exp0090_politica_1_oracle_1m1l_nosbss,,,Individual,Train,"[('train_overall_acc', 1), ('num_neurons', -1)]"
175261,175261,12506461,3168,False,7,7,69,3.7e-05,0.79085,0.508535,88,SELU(),368,0.808905,0.567702,0.79085,0.520948,0.787572,0.514668,0.710526,0.315883,False,0.014221999999999957,diabetes,3,exp0090_politica_1_oracle_1m1l_nosbss,,,Individual,Train,"[('train_overall_acc', 1), ('num_neurons', -1)]"
184436,184436,12515636,2862,False,4,4,63,3.9e-05,0.746753,0.565984,92,SELU(),362,0.810409,0.574506,0.746753,0.422311,0.793353,0.530142,0.710526,0.324867,False,0.04243733333333336,diabetes,15,exp0090_politica_1_oracle_1m1l_nosbss,,,Individual,Train,"[('train_overall_acc', 1), ('num_neurons', -1)]"
189235,189235,12520435,2490,False,0,0,91,3.6e-05,0.779221,0.524841,81,SELU(),390,0.827138,0.609763,0.779221,0.495702,0.802023,0.551679,0.644737,0.145374,False,0.031944666666666656,diabetes,1,exp0090_politica_1_oracle_1m1l_nosbss,,,Individual,Train,"[('train_overall_acc', 1), ('num_neurons', -1)]"
195987,195987,12527187,5097,False,2,2,98,3.6e-05,0.675325,0.567379,95,Tanh(),697,0.82342,0.601155,0.675325,0.237186,0.790462,0.523363,0.671053,0.236666,False,0.09873000000000005,diabetes,16,exp0090_politica_1_oracle_1m1l_nosbss,,,Individual,Train,"[('train_overall_acc', 1), ('num_neurons', -1)]"
201194,201194,12532394,2992,False,5,5,93,3.7e-05,0.74026,0.606856,46,SELU(),392,0.80855,0.565676,0.74026,0.412395,0.791907,0.525753,0.802632,0.544714,False,0.04552666666666664,diabetes,6,exp0090_politica_1_oracle_1m1l_nosbss,,,Individual,Train,"[('train_overall_acc', 1), ('num_neurons', -1)]"
206785,206785,12537985,1761,False,1,1,62,5e-05,0.84058,0.366301,98,LeakyReLU(negative_slope=0.01),261,0.89648,0.793127,0.84058,0.676004,0.884058,0.766816,0.898551,0.806432,True,0.037266666666666705,Australian,17,exp0090_politica_1_oracle_1m1l_nosbss,,,Individual,Train,"[('train_overall_acc', 1), ('num_neurons', -1)]"
207902,207902,12539102,1687,False,0,0,88,4.9e-05,0.898551,0.300434,95,LeakyReLU(negative_slope=0.01),287,0.904762,0.807408,0.898551,0.802514,0.901771,0.802077,0.768116,0.540547,False,0.004140666666666644,Australian,18,exp0090_politica_1_oracle_1m1l_nosbss,,,Individual,Train,"[('train_overall_acc', 1), ('num_neurons', -1)]"
214536,214536,12545736,3361,False,1,1,62,4e-05,0.876812,0.450223,11,GELU(approximate=False),461,0.89234,0.782086,0.876812,0.751524,0.887279,0.772135,0.84058,0.677176,False,0.010351999999999991,Australian,2,exp0090_politica_1_oracle_1m1l_nosbss,,,Individual,Train,"[('train_overall_acc', 1), ('num_neurons', -1)]"
219881,219881,12551081,2286,False,6,6,87,4.8e-05,0.869565,0.345546,86,LeakyReLU(negative_slope=0.01),286,0.890269,0.77873,0.869565,0.736418,0.885668,0.769263,0.869565,0.748105,True,0.01380266666666663,Australian,5,exp0090_politica_1_oracle_1m1l_nosbss,,,Individual,Train,"[('train_overall_acc', 1), ('num_neurons', -1)]"
224989,224989,12556189,1011,False,2,2,12,7e-05,0.876812,0.324765,61,ReLU(),111,0.890269,0.779329,0.876812,0.752259,0.887279,0.773314,0.869565,0.737513,True,0.008971333333333295,Australian,0,exp0090_politica_1_oracle_1m1l_nosbss,,,Individual,Train,"[('train_overall_acc', 1), ('num_neurons', -1)]"
233109,233109,12564309,858,False,0,0,59,4.8e-05,0.869565,0.376404,93,ReLU(),158,0.89648,0.794385,0.869565,0.738624,0.890499,0.781998,0.797101,0.606268,True,0.01794333333333335,Australian,13,exp0090_politica_1_oracle_1m1l_nosbss,,,Individual,Train,"[('train_overall_acc', 1), ('num_neurons', -1)]"
236047,236047,12567247,1174,False,3,3,75,4.7e-05,0.884058,0.35404,92,ReLU(),174,0.89648,0.792985,0.884058,0.765337,0.89533,0.789389,0.826087,0.648557,True,0.008281333333333363,Australian,14,exp0090_politica_1_oracle_1m1l_nosbss,,,Individual,Train,"[('train_overall_acc', 1), ('num_neurons', -1)]"
246332,246332,12577532,2902,False,5,5,3,0.000155,0.833333,0.402146,98,SELU(),302,0.89441,0.786603,0.833333,0.686578,0.880837,0.761555,0.855072,0.707131,True,0.04071800000000003,Australian,11,exp0090_politica_1_oracle_1m1l_nosbss,,,Individual,Train,"[('train_overall_acc', 1), ('num_neurons', -1)]"
250191,250191,12581391,1890,False,2,2,91,4.7e-05,0.862319,0.343114,98,LeakyReLU(negative_slope=0.01),290,0.89234,0.784233,0.862319,0.721438,0.884058,0.76647,0.884058,0.765705,True,0.02001400000000005,Australian,4,exp0090_politica_1_oracle_1m1l_nosbss,,,Individual,Train,"[('train_overall_acc', 1), ('num_neurons', -1)]"
255776,255776,12586976,1359,False,5,5,60,5e-05,0.847826,0.435921,93,ReLU(),159,0.902691,0.803472,0.847826,0.692104,0.890499,0.778648,0.869565,0.737513,False,0.0365766666666667,Australian,8,exp0090_politica_1_oracle_1m1l_nosbss,,,Individual,Train,"[('train_overall_acc', 1), ('num_neurons', -1)]"
263191,263191,12594391,1576,False,7,7,77,4.8e-05,0.826087,0.424358,93,ReLU(),176,0.910973,0.819866,0.826087,0.660263,0.890499,0.779473,0.826087,0.647581,False,0.05659066666666668,Australian,10,exp0090_politica_1_oracle_1m1l_nosbss,,,Individual,Train,"[('train_overall_acc', 1), ('num_neurons', -1)]"
263286,263286,12594486,961,False,1,1,62,5.1e-05,0.884058,0.296673,86,ReLU(),161,0.888199,0.774935,0.884058,0.770271,0.885668,0.770642,0.855072,0.710066,False,0.0027606666666666335,Australian,7,exp0090_politica_1_oracle_1m1l_nosbss,,,Individual,Train,"[('train_overall_acc', 1), ('num_neurons', -1)]"
270628,270628,12601828,2418,False,0,0,19,4.9e-05,0.876812,0.334044,44,SELU(),318,0.89648,0.792722,0.876812,0.756622,0.89211,0.784502,0.811594,0.618402,False,0.013112000000000013,Australian,12,exp0090_politica_1_oracle_1m1l_nosbss,,,Individual,Train,"[('train_overall_acc', 1), ('num_neurons', -1)]"
277310,277310,12608510,869,False,0,0,70,5.1e-05,0.862319,0.378413,98,ReLU(),169,0.89648,0.791647,0.862319,0.723,0.887279,0.772971,0.869565,0.748105,False,0.022774000000000072,Australian,3,exp0090_politica_1_oracle_1m1l_nosbss,,,Individual,Train,"[('train_overall_acc', 1), ('num_neurons', -1)]"
285522,285522,12616722,2078,False,4,4,79,4.6e-05,0.84058,0.404325,77,LeakyReLU(negative_slope=0.01),278,0.89648,0.791482,0.84058,0.680902,0.880837,0.759968,0.811594,0.620662,False,0.037266666666666705,Australian,15,exp0090_politica_1_oracle_1m1l_nosbss,,,Individual,Train,"[('train_overall_acc', 1), ('num_neurons', -1)]"
289563,289563,12620763,1764,False,1,1,65,4.9e-05,0.847826,0.390543,63,LeakyReLU(negative_slope=0.01),264,0.89441,0.786784,0.847826,0.691054,0.884058,0.765622,0.869565,0.748105,False,0.031056000000000045,Australian,1,exp0090_politica_1_oracle_1m1l_nosbss,,,Individual,Train,"[('train_overall_acc', 1), ('num_neurons', -1)]"
296770,296770,12627970,5312,False,5,5,13,6.6e-05,0.833333,0.419346,67,Tanh(),612,0.900621,0.799459,0.833333,0.663229,0.882448,0.761734,0.898551,0.796283,False,0.04485866666666668,Australian,16,exp0090_politica_1_oracle_1m1l_nosbss,,,Individual,Train,"[('train_overall_acc', 1), ('num_neurons', -1)]"
302143,302143,12633343,3465,False,2,2,66,5.2e-05,0.847826,0.398436,88,GELU(approximate=False),465,0.898551,0.797592,0.847826,0.695958,0.885668,0.772011,0.84058,0.689778,True,0.03381666666666668,Australian,6,exp0090_politica_1_oracle_1m1l_nosbss,,,Individual,Train,"[('train_overall_acc', 1), ('num_neurons', -1)]"
303158,303158,12634358,885,False,0,0,86,0.000127,0.950867,0.158192,93,ReLU(),185,0.956198,0.904606,0.950867,0.893816,0.955656,0.903574,0.953488,0.897149,True,0.003553999999999983,car(3),17,exp0090_politica_1_oracle_1m1l_nosbss,,,Individual,Train,"[('train_overall_acc', 1), ('num_neurons', -1)]"
310382,310382,12641582,2298,False,6,6,99,0.000111,0.93913,0.182001,90,LeakyReLU(negative_slope=0.01),298,0.960363,0.914152,0.93913,0.866522,0.955656,0.903888,0.924419,0.831512,False,0.014155333333333298,car(3),18,exp0090_politica_1_oracle_1m1l_nosbss,,,Individual,Train,"[('train_overall_acc', 1), ('num_neurons', -1)]"
317288,317288,12648488,1597,False,7,7,98,0.000118,0.950725,0.181681,98,ReLU(),197,0.965318,0.92421,0.950725,0.895678,0.965938,0.926223,0.936047,0.863639,True,0.010141999999999948,car(3),2,exp0090_politica_1_oracle_1m1l_nosbss,,,Individual,Train,"[('train_overall_acc', 1), ('num_neurons', -1)]"
323666,323666,12654866,1296,False,4,4,97,0.000118,0.942197,0.179462,99,ReLU(),196,0.966116,0.926465,0.942197,0.873751,0.960797,0.91522,0.959302,0.912621,True,0.015946000000000016,car(3),5,exp0090_politica_1_oracle_1m1l_nosbss,,,Individual,Train,"[('train_overall_acc', 1), ('num_neurons', -1)]"
329024,329024,12660224,999,False,1,1,100,0.000117,0.945087,0.167584,94,ReLU(),199,0.966116,0.926867,0.945087,0.880493,0.959512,0.912136,0.94186,0.872798,False,0.014019333333333309,car(3),0,exp0090_politica_1_oracle_1m1l_nosbss,,,Individual,Train,"[('train_overall_acc', 1), ('num_neurons', -1)]"
335650,335650,12666850,999,False,1,1,100,0.000113,0.933526,0.182031,94,ReLU(),199,0.961983,0.917695,0.933526,0.855533,0.955013,0.902364,0.930233,0.847636,False,0.018971333333333378,car(3),13,exp0090_politica_1_oracle_1m1l_nosbss,,,Individual,Train,"[('train_overall_acc', 1), ('num_neurons', -1)]"
336572,336572,12667772,2197,False,5,5,98,0.000122,0.959538,0.160821,95,LeakyReLU(negative_slope=0.01),297,0.961157,0.915698,0.959538,0.914915,0.958226,0.910111,0.94186,0.874897,False,0.0019540000000000113,car(3),14,exp0090_politica_1_oracle_1m1l_nosbss,,,Individual,Train,"[('train_overall_acc', 1), ('num_neurons', -1)]"
345733,345733,12676933,1394,False,5,5,95,0.000121,0.947977,0.165378,99,ReLU(),194,0.963636,0.920827,0.947977,0.888109,0.962725,0.919053,0.895349,0.762522,True,0.010439333333333392,car(3),11,exp0090_politica_1_oracle_1m1l_nosbss,,,Individual,Train,"[('train_overall_acc', 1), ('num_neurons', -1)]"
352533,352533,12683733,1094,False,2,2,95,0.00012,0.927746,0.174295,97,ReLU(),194,0.961157,0.915371,0.927746,0.845573,0.953727,0.899523,0.953488,0.899029,False,0.022274000000000054,car(3),4,exp0090_politica_1_oracle_1m1l_nosbss,,,Individual,Train,"[('train_overall_acc', 1), ('num_neurons', -1)]"
357505,357505,12688705,1888,False,2,2,89,0.000125,0.933333,0.191179,98,LeakyReLU(negative_slope=0.01),288,0.963666,0.921053,0.933333,0.853714,0.957584,0.907645,0.94186,0.86912,False,0.020222000000000035,car(3),8,exp0090_politica_1_oracle_1m1l_nosbss,,,Individual,Train,"[('train_overall_acc', 1), ('num_neurons', -1)]"
361135,361135,12692335,1297,False,4,4,98,0.000115,0.953757,0.159787,97,ReLU(),197,0.966116,0.926842,0.953757,0.900387,0.965938,0.925599,0.936047,0.859676,True,0.00823933333333334,car(3),10,exp0090_politica_1_oracle_1m1l_nosbss,,,Individual,Train,"[('train_overall_acc', 1), ('num_neurons', -1)]"
364543,364543,12695743,1189,False,3,3,90,0.000129,0.956647,0.149979,99,ReLU(),189,0.960331,0.914048,0.956647,0.905696,0.956941,0.906441,0.965116,0.923065,False,0.0024560000000000137,car(3),7,exp0090_politica_1_oracle_1m1l_nosbss,,,Individual,Train,"[('train_overall_acc', 1), ('num_neurons', -1)]"
371844,371844,12703044,997,False,1,1,98,0.00012,0.945087,0.156869,98,ReLU(),197,0.958678,0.909609,0.945087,0.881077,0.95437,0.900417,0.965116,0.923464,False,0.00906066666666668,car(3),12,exp0090_politica_1_oracle_1m1l_nosbss,,,Individual,Train,"[('train_overall_acc', 1), ('num_neurons', -1)]"
379631,379631,12710831,1599,False,7,7,100,0.000113,0.927536,0.190873,92,ReLU(),199,0.960363,0.914012,0.927536,0.843248,0.949871,0.892026,0.965116,0.922996,False,0.021884666666666625,car(3),3,exp0090_politica_1_oracle_1m1l_nosbss,,,Individual,Train,"[('train_overall_acc', 1), ('num_neurons', -1)]"
385377,385377,12716577,1299,False,4,4,100,0.000117,0.945087,0.175086,99,ReLU(),199,0.963636,0.920694,0.945087,0.884501,0.956941,0.90673,0.906977,0.801138,False,0.012366000000000025,car(3),15,exp0090_politica_1_oracle_1m1l_nosbss,,,Individual,Train,"[('train_overall_acc', 1), ('num_neurons', -1)]"
390350,390350,12721550,2097,False,4,4,98,0.000117,0.947977,0.167313,98,LeakyReLU(negative_slope=0.01),297,0.964463,0.92304,0.947977,0.886284,0.962082,0.917671,0.94186,0.873995,False,0.010990666666666668,car(3),1,exp0090_politica_1_oracle_1m1l_nosbss,,,Individual,Train,"[('train_overall_acc', 1), ('num_neurons', -1)]"
397501,397501,12728701,1576,False,7,7,77,0.000131,0.927536,0.203,98,ReLU(),176,0.964492,0.923494,0.927536,0.847281,0.958226,0.910446,0.924419,0.832582,True,0.024637333333333327,car(3),16,exp0090_politica_1_oracle_1m1l_nosbss,,,Individual,Train,"[('train_overall_acc', 1), ('num_neurons', -1)]"
400123,400123,12731323,2296,False,6,6,97,0.000114,0.947977,0.186841,93,LeakyReLU(negative_slope=0.01),296,0.96281,0.918867,0.947977,0.886111,0.959512,0.911306,0.924419,0.833248,False,0.009888666666666731,car(3),6,exp0090_politica_1_oracle_1m1l_nosbss,,,Individual,Train,"[('train_overall_acc', 1), ('num_neurons', -1)]"
403864,403864,12735064,2833,False,4,4,34,3.5e-05,0.795,0.472489,91,SELU(),333,0.785714,0.452023,0.795,0.47838,0.774444,0.413754,0.78,0.436436,False,0.013704000000000013,credit-g,17,exp0090_politica_1_oracle_1m1l_nosbss,,,Individual,Train,"[('train_overall_acc', 1), ('num_neurons', -1)]"
412124,412124,12743324,2454,False,0,0,55,3.5e-05,0.745,0.541522,91,SELU(),354,0.79,0.474693,0.745,0.309078,0.761111,0.36841,0.74,0.294036,False,0.030000000000000027,credit-g,18,exp0090_politica_1_oracle_1m1l_nosbss,,,Individual,Train,"[('train_overall_acc', 1), ('num_neurons', -1)]"
416978,416978,12748178,2623,False,2,2,24,3.4e-05,0.755,0.56517,75,SELU(),323,0.788571,0.456461,0.755,0.346065,0.768889,0.396025,0.75,0.327881,False,0.022380666666666677,credit-g,2,exp0090_politica_1_oracle_1m1l_nosbss,,,Individual,Train,"[('train_overall_acc', 1), ('num_neurons', -1)]"
422655,422655,12753855,1397,False,5,5,98,2.6e-05,0.75,0.554893,90,ReLU(),197,0.778571,0.435493,0.75,0.327327,0.745556,0.312579,0.75,0.350438,False,0.022010000000000012,credit-g,5,exp0090_politica_1_oracle_1m1l_nosbss,,,Individual,Train,"[('train_overall_acc', 1), ('num_neurons', -1)]"
428612,428612,12759812,2447,False,0,0,48,3.8e-05,0.74,0.643592,94,SELU(),347,0.782857,0.453848,0.74,0.28957,0.762222,0.374879,0.72,0.228317,False,0.028571333333333355,credit-g,0,exp0090_politica_1_oracle_1m1l_nosbss,,,Individual,Train,"[('train_overall_acc', 1), ('num_neurons', -1)]"
433049,433049,12764249,2735,False,3,3,36,3.3e-05,0.75,0.546412,94,SELU(),335,0.78,0.438889,0.75,0.38307,0.76,0.435951,0.79,0.526135,False,0.020000000000000018,credit-g,13,exp0090_politica_1_oracle_1m1l_nosbss,,,Individual,Train,"[('train_overall_acc', 1), ('num_neurons', -1)]"
438243,438243,12769443,2488,False,0,0,89,3.3e-05,0.755,0.53676,91,SELU(),388,0.775714,0.426036,0.755,0.358942,0.768889,0.435258,0.83,0.617637,False,0.01380933333333334,credit-g,14,exp0090_politica_1_oracle_1m1l_nosbss,,,Individual,Train,"[('train_overall_acc', 1), ('num_neurons', -1)]"
444741,444741,12775941,3079,False,6,6,80,3.6e-05,0.815,0.500106,80,SELU(),379,0.772857,0.428534,0.815,0.532052,0.793333,0.46887,0.7,0.190476,True,0.028095333333333288,credit-g,11,exp0090_politica_1_oracle_1m1l_nosbss,,,Individual,Train,"[('train_overall_acc', 1), ('num_neurons', -1)]"
449959,449959,12781159,1161,False,3,3,62,3e-05,0.755,0.593276,93,ReLU(),161,0.78,0.444435,0.755,0.346065,0.757778,0.356297,0.74,0.290957,False,0.01666666666666668,credit-g,4,exp0090_politica_1_oracle_1m1l_nosbss,,,Individual,Train,"[('train_overall_acc', 1), ('num_neurons', -1)]"
454207,454207,12785407,2571,False,1,1,72,3.3e-05,0.785,0.502747,98,SELU(),371,0.775714,0.439255,0.785,0.443866,0.778889,0.437037,0.77,0.420016,False,0.006190666666666678,credit-g,8,exp0090_politica_1_oracle_1m1l_nosbss,,,Individual,Train,"[('train_overall_acc', 1), ('num_neurons', -1)]"
461812,461812,12793012,2479,False,0,0,80,3.5e-05,0.745,0.557009,99,SELU(),379,0.784286,0.456093,0.745,0.313419,0.774444,0.410231,0.74,0.295468,False,0.026190666666666695,credit-g,10,exp0090_politica_1_oracle_1m1l_nosbss,,,Individual,Train,"[('train_overall_acc', 1), ('num_neurons', -1)]"
465608,465608,12796808,3024,False,6,6,25,3.3e-05,0.765,0.500722,98,SELU(),324,0.772857,0.427424,0.765,0.39058,0.778889,0.431338,0.76,0.398541,True,0.00925933333333336,credit-g,7,exp0090_politica_1_oracle_1m1l_nosbss,,,Individual,Train,"[('train_overall_acc', 1), ('num_neurons', -1)]"
470821,470821,12802021,2928,False,5,5,29,4.1e-05,0.775,0.473796,97,SELU(),328,0.772857,0.418304,0.775,0.447479,0.771111,0.417465,0.76,0.364758,True,0.0025926666666666875,credit-g,12,exp0090_politica_1_oracle_1m1l_nosbss,,,Individual,Train,"[('train_overall_acc', 1), ('num_neurons', -1)]"
476811,476811,12808011,1458,False,6,6,59,2.5e-05,0.795,0.486183,75,ReLU(),158,0.788571,0.461908,0.795,0.483381,0.777778,0.429751,0.74,0.337141,False,0.01148133333333338,credit-g,3,exp0090_politica_1_oracle_1m1l_nosbss,,,Individual,Train,"[('train_overall_acc', 1), ('num_neurons', -1)]"
482395,482395,12813595,1160,False,3,3,61,2.7e-05,0.765,0.501943,87,ReLU(),160,0.778571,0.431368,0.765,0.41805,0.773333,0.424144,0.75,0.342751,False,0.009047333333333333,credit-g,15,exp0090_politica_1_oracle_1m1l_nosbss,,,Individual,Train,"[('train_overall_acc', 1), ('num_neurons', -1)]"
489297,489297,12820497,2533,False,1,1,34,3.5e-05,0.77,0.546214,76,SELU(),333,0.777143,0.432122,0.77,0.480384,0.752222,0.443913,0.75,0.44746,False,0.016614000000000056,credit-g,1,exp0090_politica_1_oracle_1m1l_nosbss,,,Individual,Train,"[('train_overall_acc', 1), ('num_neurons', -1)]"
493974,493974,12825174,3353,False,1,1,54,2.9e-05,0.785,0.537356,81,GELU(approximate=False),453,0.78,0.439757,0.785,0.448034,0.768889,0.39481,0.73,0.266038,False,0.010740666666666657,credit-g,16,exp0090_politica_1_oracle_1m1l_nosbss,,,Individual,Train,"[('train_overall_acc', 1), ('num_neurons', -1)]"
499166,499166,12830366,2738,False,3,3,39,3.6e-05,0.77,0.507589,83,SELU(),338,0.782857,0.442144,0.77,0.397534,0.772222,0.403195,0.71,0.140714,False,0.008571333333333339,credit-g,6,exp0090_politica_1_oracle_1m1l_nosbss,,,Individual,Train,"[('train_overall_acc', 1), ('num_neurons', -1)]"
508769,508769,12839969,2885,False,4,4,86,4.7e-05,0.925926,0.191153,81,SELU(),385,0.965608,0.763753,0.925926,0.515152,0.95679,0.698844,0.944444,0.485643,False,0.026454666666666665,climate-model-simulation-crashes(4),17,exp0090_politica_1_oracle_1m1l_nosbss,,,Individual,Train,"[('train_overall_acc', 1), ('num_neurons', -1)]"
514406,514406,12845606,3481,False,2,2,82,5.9e-05,0.935185,0.209929,94,GELU(approximate=False),481,0.970899,0.803783,0.935185,0.47305,0.960905,0.724007,0.925926,0.0,False,0.023809333333333276,climate-model-simulation-crashes(4),18,exp0090_politica_1_oracle_1m1l_nosbss,,,Individual,Train,"[('train_overall_acc', 1), ('num_neurons', -1)]"
520039,520039,12851239,2895,False,4,4,96,4.6e-05,0.925926,0.182998,83,SELU(),395,0.968254,0.777207,0.925926,0.519517,0.960905,0.726301,0.962963,0.73,False,0.028218666666666614,climate-model-simulation-crashes(4),2,exp0090_politica_1_oracle_1m1l_nosbss,,,Individual,Train,"[('train_overall_acc', 1), ('num_neurons', -1)]"
525799,525799,12856999,973,False,1,1,74,4.9e-05,0.925926,0.183877,95,ReLU(),173,0.962963,0.735272,0.925926,0.430007,0.954733,0.67358,0.925926,0.0,False,0.024691333333333326,climate-model-simulation-crashes(4),5,exp0090_politica_1_oracle_1m1l_nosbss,,,Individual,Train,"[('train_overall_acc', 1), ('num_neurons', -1)]"
531034,531034,12862234,2785,False,3,3,86,4.7e-05,0.944444,0.170462,87,SELU(),385,0.968254,0.776836,0.944444,0.613941,0.962963,0.741066,0.925926,0.318953,True,0.015873333333333333,climate-model-simulation-crashes(4),0,exp0090_politica_1_oracle_1m1l_nosbss,,,Individual,Train,"[('train_overall_acc', 1), ('num_neurons', -1)]"
536926,536926,12868126,2585,False,1,1,86,4.9e-05,0.916667,0.22987,92,SELU(),385,0.973545,0.821189,0.916667,0.385686,0.960905,0.732015,0.944444,0.641491,True,0.037918666666666656,climate-model-simulation-crashes(4),13,exp0090_politica_1_oracle_1m1l_nosbss,,,Individual,Train,"[('train_overall_acc', 1), ('num_neurons', -1)]"
541719,541719,12872919,3089,False,6,6,90,4.7e-05,0.944444,0.178399,98,SELU(),389,0.962963,0.744594,0.944444,0.571306,0.958848,0.709638,0.962963,0.693375,True,0.012346000000000043,climate-model-simulation-crashes(4),14,exp0090_politica_1_oracle_1m1l_nosbss,,,Individual,Train,"[('train_overall_acc', 1), ('num_neurons', -1)]"
546484,546484,12877684,3083,False,6,6,84,4.7e-05,0.953704,0.167612,84,SELU(),383,0.965608,0.765024,0.953704,0.682242,0.962963,0.745097,0.907407,0.240098,True,0.007936000000000018,climate-model-simulation-crashes(4),11,exp0090_politica_1_oracle_1m1l_nosbss,,,Individual,Train,"[('train_overall_acc', 1), ('num_neurons', -1)]"
553766,553766,12884966,1292,False,4,4,93,4.4e-05,0.925926,0.216306,95,ReLU(),192,0.973545,0.817428,0.925926,0.444794,0.965021,0.756605,0.981481,0.857493,True,0.031745999999999976,climate-model-simulation-crashes(4),4,exp0090_politica_1_oracle_1m1l_nosbss,,,Individual,Train,"[('train_overall_acc', 1), ('num_neurons', -1)]"
558710,558710,12889910,587,False,5,5,88,5.1e-05,0.944444,0.131545,99,Identity(),87,0.970899,0.803783,0.944444,0.636364,0.960905,0.728811,0.925926,0.46,False,0.017636666666666672,climate-model-simulation-crashes(4),8,exp0090_politica_1_oracle_1m1l_nosbss,,,Individual,Train,"[('train_overall_acc', 1), ('num_neurons', -1)]"
564503,564503,12895703,3064,False,6,6,65,4.9e-05,0.944444,0.193529,96,SELU(),364,0.973545,0.822758,0.944444,0.636364,0.969136,0.792452,0.981481,0.857493,True,0.019400666666666695,climate-model-simulation-crashes(4),10,exp0090_politica_1_oracle_1m1l_nosbss,,,Individual,Train,"[('train_overall_acc', 1), ('num_neurons', -1)]"
566959,566959,12898159,2479,False,0,0,80,4.7e-05,0.962963,0.168421,99,SELU(),379,0.968254,0.783799,0.962963,0.737068,0.967078,0.773103,0.962963,0.73,True,0.00352733333333329,climate-model-simulation-crashes(4),7,exp0090_politica_1_oracle_1m1l_nosbss,,,Individual,Train,"[('train_overall_acc', 1), ('num_neurons', -1)]"
575443,575443,12906643,2685,False,2,2,86,4.6e-05,0.953704,0.148573,93,SELU(),385,0.970899,0.797515,0.953704,0.694393,0.960905,0.724007,0.944444,0.485643,False,0.011463333333333306,climate-model-simulation-crashes(4),12,exp0090_politica_1_oracle_1m1l_nosbss,,,Individual,Train,"[('train_overall_acc', 1), ('num_neurons', -1)]"
581677,581677,12912877,2977,False,5,5,78,4.9e-05,0.935185,0.233005,90,SELU(),377,0.968254,0.783799,0.935185,0.511891,0.960905,0.726301,1.0,1.0,True,0.022045999999999937,climate-model-simulation-crashes(4),3,exp0090_politica_1_oracle_1m1l_nosbss,,,Individual,Train,"[('train_overall_acc', 1), ('num_neurons', -1)]"
587143,587143,12918343,2447,False,0,0,48,5.2e-05,0.944444,0.184719,98,SELU(),347,0.965608,0.756025,0.944444,0.619801,0.960905,0.724635,0.925926,0.0,True,0.014109333333333382,climate-model-simulation-crashes(4),15,exp0090_politica_1_oracle_1m1l_nosbss,,,Individual,Train,"[('train_overall_acc', 1), ('num_neurons', -1)]"
591540,591540,12922740,2796,False,3,3,97,4.5e-05,0.953704,0.142505,94,SELU(),396,0.965608,0.757464,0.953704,0.694393,0.962963,0.742675,0.962963,0.693375,False,0.007936000000000018,climate-model-simulation-crashes(4),1,exp0090_politica_1_oracle_1m1l_nosbss,,,Individual,Train,"[('train_overall_acc', 1), ('num_neurons', -1)]"
598209,598209,12929409,2399,False,7,7,100,5.1e-05,0.944444,0.164168,99,LeakyReLU(negative_slope=0.01),299,0.970899,0.809635,0.944444,0.506164,0.965021,0.756605,0.944444,0.548795,False,0.017636666666666672,climate-model-simulation-crashes(4),16,exp0090_politica_1_oracle_1m1l_nosbss,,,Individual,Train,"[('train_overall_acc', 1), ('num_neurons', -1)]"
603624,603624,12934824,1985,False,3,3,86,5.2e-05,0.944444,0.168342,99,LeakyReLU(negative_slope=0.01),285,0.968254,0.783799,0.944444,0.571306,0.962963,0.741066,0.944444,0.548795,True,0.015873333333333333,climate-model-simulation-crashes(4),6,exp0090_politica_1_oracle_1m1l_nosbss,,,Individual,Train,"[('train_overall_acc', 1), ('num_neurons', -1)]"
607486,607486,12938686,4997,False,1,1,98,2.9e-05,0.752137,0.51822,93,Tanh(),697,0.767157,0.354449,0.752137,0.309819,0.742857,0.25496,0.741379,0.278772,False,0.016199999999999992,ilpd,17,exp0090_politica_1_oracle_1m1l_nosbss,,,Individual,Train,"[('train_overall_acc', 1), ('num_neurons', -1)]"
613934,613934,12945134,4889,False,0,0,90,3e-05,0.752137,0.542926,91,Tanh(),689,0.781863,0.419939,0.752137,0.312806,0.771429,0.372104,0.689655,0.072131,True,0.019817333333333353,ilpd,18,exp0090_politica_1_oracle_1m1l_nosbss,,,Individual,Train,"[('train_overall_acc', 1), ('num_neurons', -1)]"
620688,620688,12951888,5382,False,5,5,83,2.7e-05,0.709402,0.548538,96,Tanh(),682,0.769608,0.364402,0.709402,0.140992,0.75619,0.317295,0.724138,0.207086,True,0.040137333333333323,ilpd,2,exp0090_politica_1_oracle_1m1l_nosbss,,,Individual,Train,"[('train_overall_acc', 1), ('num_neurons', -1)]"
623181,623181,12954381,5487,False,6,6,88,2.7e-05,0.75,0.520902,95,Tanh(),687,0.767726,0.373125,0.75,0.287745,0.750476,0.290845,0.655172,-0.006014,False,0.011817333333333346,ilpd,5,exp0090_politica_1_oracle_1m1l_nosbss,,,Individual,Train,"[('train_overall_acc', 1), ('num_neurons', -1)]"
632248,632248,12963448,2773,False,3,3,74,3.3e-05,0.74359,0.52019,53,SELU(),373,0.779412,0.430597,0.74359,0.258816,0.721905,0.133157,0.706897,0.0,False,0.03833799999999998,ilpd,0,exp0090_politica_1_oracle_1m1l_nosbss,,,Individual,Train,"[('train_overall_acc', 1), ('num_neurons', -1)]"
635117,635117,12966317,5171,False,3,3,72,3.1e-05,0.741379,0.532965,76,Tanh(),671,0.775061,0.388372,0.741379,0.212605,0.75619,0.311897,0.689655,0.072131,False,0.02245466666666666,ilpd,13,exp0090_politica_1_oracle_1m1l_nosbss,,,Individual,Train,"[('train_overall_acc', 1), ('num_neurons', -1)]"
640243,640243,12971443,5188,False,3,3,89,2.7e-05,0.758621,0.501057,92,Tanh(),688,0.777506,0.401006,0.758621,0.312464,0.765714,0.352987,0.672414,0.071968,True,0.012590000000000027,ilpd,14,exp0090_politica_1_oracle_1m1l_nosbss,,,Individual,Train,"[('train_overall_acc', 1), ('num_neurons', -1)]"
648869,648869,12980069,5385,False,5,5,86,2.5e-05,0.726496,0.584286,99,Tanh(),685,0.776961,0.406188,0.726496,0.248829,0.767619,0.380415,0.724138,0.226531,False,0.033643333333333324,ilpd,11,exp0090_politica_1_oracle_1m1l_nosbss,,,Individual,Train,"[('train_overall_acc', 1), ('num_neurons', -1)]"
651862,651862,12983062,2185,False,5,5,86,3.7e-05,0.741379,0.561562,96,LeakyReLU(negative_slope=0.01),285,0.777506,0.408832,0.741379,0.330929,0.748571,0.339647,0.724138,0.247107,False,0.02408466666666668,ilpd,4,exp0090_politica_1_oracle_1m1l_nosbss,,,Individual,Train,"[('train_overall_acc', 1), ('num_neurons', -1)]"
657926,657926,12989126,5296,False,4,4,97,3e-05,0.741379,0.548803,89,Tanh(),696,0.772616,0.379783,0.741379,0.241417,0.769524,0.362882,0.724138,0.207086,False,0.02082466666666664,ilpd,8,exp0090_politica_1_oracle_1m1l_nosbss,,,Individual,Train,"[('train_overall_acc', 1), ('num_neurons', -1)]"
664807,664807,12996007,5592,False,7,7,93,3.2e-05,0.726496,0.530799,96,Tanh(),692,0.779412,0.39917,0.726496,0.208323,0.76381,0.340625,0.655172,-0.006014,False,0.035277333333333306,ilpd,10,exp0090_politica_1_oracle_1m1l_nosbss,,,Individual,Train,"[('train_overall_acc', 1), ('num_neurons', -1)]"
670764,670764,13001964,2463,False,0,0,64,3.3e-05,0.735043,0.58453,87,SELU(),363,0.776961,0.402265,0.735043,0.237052,0.744762,0.268806,0.655172,-0.062824,False,0.02794533333333334,ilpd,7,exp0090_politica_1_oracle_1m1l_nosbss,,,Individual,Train,"[('train_overall_acc', 1), ('num_neurons', -1)]"
675477,675477,13006677,2545,False,1,1,46,3.3e-05,0.728814,0.634772,95,SELU(),345,0.776413,0.407795,0.728814,0.282863,0.750476,0.329024,0.706897,0.181813,False,0.03173266666666671,ilpd,12,exp0090_politica_1_oracle_1m1l_nosbss,,,Individual,Train,"[('train_overall_acc', 1), ('num_neurons', -1)]"
681411,681411,13012611,4992,False,1,1,93,3e-05,0.726496,0.517342,97,Tanh(),692,0.779412,0.399435,0.726496,0.162221,0.771429,0.373002,0.706897,0.123708,True,0.035277333333333306,ilpd,3,exp0090_politica_1_oracle_1m1l_nosbss,,,Individual,Train,"[('train_overall_acc', 1), ('num_neurons', -1)]"
686782,686782,13017982,4891,False,0,0,92,2.7e-05,0.735043,0.548774,80,Tanh(),691,0.779412,0.401887,0.735043,0.226339,0.754286,0.307848,0.706897,0.154397,False,0.02957933333333333,ilpd,15,exp0090_politica_1_oracle_1m1l_nosbss,,,Individual,Train,"[('train_overall_acc', 1), ('num_neurons', -1)]"
691988,691988,13023188,2734,False,3,3,35,3.9e-05,0.74359,0.556675,79,SELU(),334,0.776961,0.412283,0.74359,0.270952,0.76,0.334894,0.706897,0.154397,True,0.02224733333333336,ilpd,1,exp0090_politica_1_oracle_1m1l_nosbss,,,Individual,Train,"[('train_overall_acc', 1), ('num_neurons', -1)]"
699498,699498,13030698,4894,False,0,0,95,2.6e-05,0.726496,0.53162,86,Tanh(),694,0.789216,0.427561,0.726496,0.238352,0.779048,0.398865,0.706897,0.181813,True,0.041813333333333334,ilpd,16,exp0090_politica_1_oracle_1m1l_nosbss,,,Individual,Train,"[('train_overall_acc', 1), ('num_neurons', -1)]"
702754,702754,13033954,4999,False,1,1,100,2.6e-05,0.752137,0.512132,99,Tanh(),699,0.77451,0.376905,0.752137,0.309746,0.771429,0.368792,0.724138,0.19167,True,0.014915333333333392,ilpd,6,exp0090_politica_1_oracle_1m1l_nosbss,,,Individual,Train,"[('train_overall_acc', 1), ('num_neurons', -1)]"
708912,708912,13040112,1591,False,7,7,92,4.4e-05,0.919355,0.299001,93,ReLU(),191,0.936219,0.888306,0.919355,0.858967,0.936057,0.887921,0.951613,0.913997,True,0.01124266666666666,balance-scale,17,exp0090_politica_1_oracle_1m1l_nosbss,,,Individual,Train,"[('train_overall_acc', 1), ('num_neurons', -1)]"
713194,713194,13044394,3885,False,6,6,86,5.4e-05,0.919355,0.240203,94,GELU(approximate=False),485,0.936219,0.887959,0.919355,0.859396,0.936057,0.887794,0.935484,0.885777,True,0.01124266666666666,balance-scale,18,exp0090_politica_1_oracle_1m1l_nosbss,,,Individual,Train,"[('train_overall_acc', 1), ('num_neurons', -1)]"
722092,722092,13053292,1590,False,7,7,91,4.8e-05,0.912,0.324886,93,ReLU(),190,0.945205,0.903951,0.912,0.844347,0.939609,0.893875,0.935484,0.884963,False,0.02213666666666662,balance-scale,2,exp0090_politica_1_oracle_1m1l_nosbss,,,Individual,Train,"[('train_overall_acc', 1), ('num_neurons', -1)]"
723316,723316,13054516,885,False,0,0,86,4.5e-05,0.928,0.244,91,ReLU(),185,0.931507,0.879936,0.928,0.874168,0.932504,0.881637,0.919355,0.854735,True,0.003002666666666635,balance-scale,5,exp0090_politica_1_oracle_1m1l_nosbss,,,Individual,Train,"[('train_overall_acc', 1), ('num_neurons', -1)]"
728525,728525,13059725,2196,False,5,5,97,5.5e-05,0.92,0.263603,96,LeakyReLU(negative_slope=0.01),296,0.924658,0.868555,0.92,0.861084,0.9254,0.869569,0.935484,0.886622,True,0.0035999999999999734,balance-scale,0,exp0090_politica_1_oracle_1m1l_nosbss,,,Individual,Train,"[('train_overall_acc', 1), ('num_neurons', -1)]"
735319,735319,13066519,1794,False,1,1,95,5.2e-05,0.920635,0.226034,98,LeakyReLU(negative_slope=0.01),294,0.93135,0.880219,0.920635,0.860437,0.930728,0.878679,0.935484,0.884828,True,0.007143333333333353,balance-scale,13,exp0090_politica_1_oracle_1m1l_nosbss,,,Individual,Train,"[('train_overall_acc', 1), ('num_neurons', -1)]"
739579,739579,13070779,2090,False,4,4,91,5.2e-05,0.928,0.224189,99,LeakyReLU(negative_slope=0.01),290,0.924658,0.867768,0.928,0.875393,0.9254,0.869552,0.903226,0.824689,False,0.0022280000000000446,balance-scale,14,exp0090_politica_1_oracle_1m1l_nosbss,,,Individual,Train,"[('train_overall_acc', 1), ('num_neurons', -1)]"
748202,748202,13079402,1992,False,3,3,93,5.2e-05,0.928571,0.258192,96,LeakyReLU(negative_slope=0.01),292,0.940503,0.895931,0.928571,0.874564,0.937833,0.891152,0.951613,0.913997,False,0.007954666666666629,balance-scale,11,exp0090_politica_1_oracle_1m1l_nosbss,,,Individual,Train,"[('train_overall_acc', 1), ('num_neurons', -1)]"
755930,755930,13087130,2199,False,5,5,100,5.5e-05,0.896,0.327839,96,LeakyReLU(negative_slope=0.01),299,0.949772,0.911709,0.896,0.819956,0.937833,0.890929,0.935484,0.886622,True,0.035847999999999956,balance-scale,4,exp0090_politica_1_oracle_1m1l_nosbss,,,Individual,Train,"[('train_overall_acc', 1), ('num_neurons', -1)]"
758001,758001,13089201,1572,False,7,7,73,5e-05,0.919355,0.251415,99,ReLU(),172,0.929385,0.876054,0.919355,0.858774,0.927176,0.872234,0.951613,0.913997,True,0.006686666666666656,balance-scale,8,exp0090_politica_1_oracle_1m1l_nosbss,,,Individual,Train,"[('train_overall_acc', 1), ('num_neurons', -1)]"
764575,764575,13095775,3296,False,0,0,97,5e-05,0.920635,0.258301,97,GELU(approximate=False),496,0.933638,0.883937,0.920635,0.859815,0.932504,0.881813,0.935484,0.884828,True,0.008668666666666658,balance-scale,10,exp0090_politica_1_oracle_1m1l_nosbss,,,Individual,Train,"[('train_overall_acc', 1), ('num_neurons', -1)]"
772030,772030,13103230,2099,False,4,4,100,5.2e-05,0.92,0.269946,95,LeakyReLU(negative_slope=0.01),299,0.940639,0.896415,0.92,0.859511,0.930728,0.879078,0.919355,0.853594,False,0.01375933333333331,balance-scale,7,exp0090_politica_1_oracle_1m1l_nosbss,,,Individual,Train,"[('train_overall_acc', 1), ('num_neurons', -1)]"
774689,774689,13105889,1097,False,2,2,98,4.5e-05,0.920635,0.264186,90,ReLU(),197,0.933638,0.88445,0.920635,0.859473,0.934281,0.884946,0.887097,0.796161,True,0.009097333333333365,balance-scale,12,exp0090_politica_1_oracle_1m1l_nosbss,,,Individual,Train,"[('train_overall_acc', 1), ('num_neurons', -1)]"
782991,782991,13114191,1896,False,2,2,97,5.1e-05,0.920635,0.277573,90,LeakyReLU(negative_slope=0.01),296,0.949657,0.911814,0.920635,0.859815,0.944938,0.903397,0.951613,0.912858,True,0.019347999999999994,balance-scale,3,exp0090_politica_1_oracle_1m1l_nosbss,,,Individual,Train,"[('train_overall_acc', 1), ('num_neurons', -1)]"
785218,785218,13116418,1580,False,7,7,81,4.7e-05,0.919355,0.240262,92,ReLU(),180,0.924829,0.868401,0.919355,0.861139,0.923623,0.866615,0.935484,0.885316,True,0.003649333333333319,balance-scale,15,exp0090_politica_1_oracle_1m1l_nosbss,,,Individual,Train,"[('train_overall_acc', 1), ('num_neurons', -1)]"
790302,790302,13121502,3289,False,0,0,90,5.7e-05,0.936508,0.224301,97,GELU(approximate=False),489,0.93135,0.879495,0.936508,0.889105,0.936057,0.887805,0.935484,0.883934,True,0.003438666666666664,balance-scale,1,exp0090_politica_1_oracle_1m1l_nosbss,,,Individual,Train,"[('train_overall_acc', 1), ('num_neurons', -1)]"
796364,796364,13127564,2187,False,5,5,88,5.4e-05,0.935484,0.219809,98,LeakyReLU(negative_slope=0.01),287,0.940775,0.896002,0.935484,0.887905,0.941385,0.897294,0.935484,0.884402,True,0.00393400000000003,balance-scale,16,exp0090_politica_1_oracle_1m1l_nosbss,,,Individual,Train,"[('train_overall_acc', 1), ('num_neurons', -1)]"
805904,805904,13137104,2291,False,6,6,92,5.3e-05,0.91129,0.258694,95,LeakyReLU(negative_slope=0.01),291,0.952164,0.916165,0.91129,0.845265,0.943162,0.900432,0.919355,0.854788,True,0.02724933333333331,balance-scale,6,exp0090_politica_1_oracle_1m1l_nosbss,,,Individual,Train,"[('train_overall_acc', 1), ('num_neurons', -1)]"
811305,811305,13142505,5095,False,2,2,96,8.9e-05,0.638889,1.471846,94,Tanh(),695,0.694444,0.675592,0.638889,0.619836,0.679012,0.659748,0.527778,0.501726,True,0.03703666666666661,libras_move,17,exp0090_politica_1_oracle_1m1l_nosbss,,,Individual,Train,"[('train_overall_acc', 1), ('num_neurons', -1)]"
816462,816462,13147662,5188,False,3,3,89,8.7e-05,0.666667,1.674694,86,Tanh(),688,0.730159,0.71335,0.666667,0.647918,0.682099,0.662483,0.611111,0.588494,False,0.042328,libras_move,18,exp0090_politica_1_oracle_1m1l_nosbss,,,Individual,Train,"[('train_overall_acc', 1), ('num_neurons', -1)]"
819033,819033,13150233,2698,False,2,2,99,7.9e-05,0.708333,1.49134,97,SELU(),398,0.714286,0.697516,0.708333,0.69528,0.725309,0.709483,0.638889,0.618436,True,0.011317333333333327,libras_move,2,exp0090_politica_1_oracle_1m1l_nosbss,,,Individual,Train,"[('train_overall_acc', 1), ('num_neurons', -1)]"
827867,827867,13159067,3190,False,7,7,91,8.1e-05,0.652778,1.407291,97,SELU(),390,0.722222,0.703819,0.652778,0.630349,0.716049,0.697583,0.527778,0.498772,True,0.04629600000000004,libras_move,5,exp0090_politica_1_oracle_1m1l_nosbss,,,Individual,Train,"[('train_overall_acc', 1), ('num_neurons', -1)]"
833797,833797,13164997,2679,False,2,2,80,8.6e-05,0.625,1.413297,98,SELU(),379,0.730159,0.712734,0.625,0.603048,0.709877,0.690874,0.583333,0.55829,True,0.070106,libras_move,0,exp0090_politica_1_oracle_1m1l_nosbss,,,Individual,Train,"[('train_overall_acc', 1), ('num_neurons', -1)]"
839763,839763,13170963,2699,False,2,2,100,7.7e-05,0.611111,1.432893,95,SELU(),399,0.722222,0.707549,0.611111,0.592406,0.694444,0.679052,0.638889,0.624035,False,0.07407400000000004,libras_move,13,exp0090_politica_1_oracle_1m1l_nosbss,,,Individual,Train,"[('train_overall_acc', 1), ('num_neurons', -1)]"
845051,845051,13176251,2688,False,2,2,89,8.4e-05,0.625,1.493135,99,SELU(),388,0.72619,0.710726,0.625,0.604636,0.70679,0.691243,0.638889,0.62231,True,0.06746,libras_move,14,exp0090_politica_1_oracle_1m1l_nosbss,,,Individual,Train,"[('train_overall_acc', 1), ('num_neurons', -1)]"
848719,848719,13179919,2976,False,5,5,77,8.1e-05,0.694444,1.45333,92,SELU(),376,0.72619,0.709687,0.694444,0.678977,0.716049,0.698444,0.555556,0.533662,True,0.021164000000000033,libras_move,11,exp0090_politica_1_oracle_1m1l_nosbss,,,Individual,Train,"[('train_overall_acc', 1), ('num_neurons', -1)]"
856792,856792,13187992,2571,False,1,1,72,8.8e-05,0.541667,1.468965,90,SELU(),371,0.698413,0.678728,0.541667,0.510174,0.660494,0.637612,0.722222,0.706787,True,0.10449733333333329,libras_move,4,exp0090_politica_1_oracle_1m1l_nosbss,,,Individual,Train,"[('train_overall_acc', 1), ('num_neurons', -1)]"
860149,860149,13191349,2594,False,1,1,95,8e-05,0.666667,1.351652,96,SELU(),394,0.706349,0.68728,0.666667,0.644301,0.694444,0.674009,0.638889,0.615644,False,0.026454666666666665,libras_move,8,exp0090_politica_1_oracle_1m1l_nosbss,,,Individual,Train,"[('train_overall_acc', 1), ('num_neurons', -1)]"
867576,867576,13198776,2885,False,4,4,86,8.4e-05,0.625,1.38787,94,SELU(),385,0.710317,0.691769,0.625,0.602697,0.694444,0.674868,0.583333,0.558548,False,0.056877999999999984,libras_move,10,exp0090_politica_1_oracle_1m1l_nosbss,,,Individual,Train,"[('train_overall_acc', 1), ('num_neurons', -1)]"
873012,873012,13204212,1999,False,3,3,100,8.2e-05,0.638889,1.633909,80,LeakyReLU(negative_slope=0.01),299,0.714286,0.697077,0.638889,0.622105,0.691358,0.673353,0.694444,0.678382,False,0.050264666666666624,libras_move,7,exp0090_politica_1_oracle_1m1l_nosbss,,,Individual,Train,"[('train_overall_acc', 1), ('num_neurons', -1)]"
875189,875189,13206389,3183,False,7,7,84,8.2e-05,0.694444,1.389681,92,SELU(),383,0.710317,0.693634,0.694444,0.680498,0.712963,0.698101,0.583333,0.563082,True,0.012346000000000043,libras_move,12,exp0090_politica_1_oracle_1m1l_nosbss,,,Individual,Train,"[('train_overall_acc', 1), ('num_neurons', -1)]"
883533,883533,13214733,3093,False,6,6,94,8.1e-05,0.652778,1.355781,93,SELU(),393,0.702381,0.683898,0.652778,0.636116,0.685185,0.665737,0.638889,0.617284,False,0.03306866666666671,libras_move,3,exp0090_politica_1_oracle_1m1l_nosbss,,,Individual,Train,"[('train_overall_acc', 1), ('num_neurons', -1)]"
889648,889648,13220848,4889,False,0,0,90,9.5e-05,0.638889,1.46248,99,Tanh(),689,0.706349,0.688233,0.638889,0.621663,0.675926,0.656892,0.611111,0.596028,False,0.04497333333333331,libras_move,15,exp0090_politica_1_oracle_1m1l_nosbss,,,Individual,Train,"[('train_overall_acc', 1), ('num_neurons', -1)]"
893734,893734,13224934,2690,False,2,2,91,7.8e-05,0.652778,1.380833,90,SELU(),390,0.702381,0.683869,0.652778,0.63151,0.67284,0.652339,0.611111,0.590645,False,0.03306866666666671,libras_move,1,exp0090_politica_1_oracle_1m1l_nosbss,,,Individual,Train,"[('train_overall_acc', 1), ('num_neurons', -1)]"
901592,901592,13232792,2499,False,0,0,100,7.7e-05,0.569444,1.502249,90,SELU(),399,0.730159,0.713624,0.569444,0.544014,0.697531,0.679151,0.555556,0.533491,True,0.10714333333333337,libras_move,16,exp0090_politica_1_oracle_1m1l_nosbss,,,Individual,Train,"[('train_overall_acc', 1), ('num_neurons', -1)]"
906537,906537,13237737,3176,False,7,7,77,8.4e-05,0.680556,1.435114,90,SELU(),376,0.75,0.735235,0.680556,0.665645,0.731481,0.716354,0.555556,0.534721,True,0.04629599999999997,libras_move,6,exp0090_politica_1_oracle_1m1l_nosbss,,,Individual,Train,"[('train_overall_acc', 1), ('num_neurons', -1)]"
1009811,1009811,13341011,1416,False,6,6,17,2.9e-05,0.826667,0.453675,53,ReLU(),116,0.793893,0.346314,0.826667,0.463202,0.789317,0.323853,0.756757,0.223317,False,0.024899999999999995,blood-transfusion-service-center,17,exp0090_politica_1_oracle_1m1l_nosbss,,,Individual,Train,"[('train_overall_acc', 1), ('num_neurons', -1)]"
1015805,1015805,13347005,2303,False,7,7,4,6.5e-05,0.765101,1.665873,14,LeakyReLU(negative_slope=0.01),203,0.807619,0.418917,0.765101,0.260268,0.79822,0.385055,0.72973,0.091645,True,0.028345333333333295,blood-transfusion-service-center,18,exp0090_politica_1_oracle_1m1l_nosbss,,,Individual,Train,"[('train_overall_acc', 1), ('num_neurons', -1)]"
1020666,1020666,13351866,3009,False,6,6,10,3.6e-05,0.8,0.637079,34,SELU(),309,0.793893,0.332011,0.8,0.376543,0.792285,0.357323,0.783784,0.288217,False,0.005143333333333351,blood-transfusion-service-center,2,exp0090_politica_1_oracle_1m1l_nosbss,,,Individual,Train,"[('train_overall_acc', 1), ('num_neurons', -1)]"
1026400,1026400,13357600,2836,False,4,4,37,4.1e-05,0.8,0.585238,1,SELU(),336,0.793893,0.341339,0.8,0.384758,0.78635,0.328498,0.77027,0.223687,False,0.009100000000000033,blood-transfusion-service-center,5,exp0090_politica_1_oracle_1m1l_nosbss,,,Individual,Train,"[('train_overall_acc', 1), ('num_neurons', -1)]"
1032182,1032182,13363382,3565,False,3,3,66,3.5e-05,0.786667,0.608791,20,GELU(approximate=False),465,0.807252,0.39882,0.786667,0.302645,0.796736,0.357492,0.783784,0.262558,False,0.01372333333333331,blood-transfusion-service-center,0,exp0090_politica_1_oracle_1m1l_nosbss,,,Individual,Train,"[('train_overall_acc', 1), ('num_neurons', -1)]"
1038346,1038346,13369546,2634,False,2,2,35,3.4e-05,0.78,0.666638,22,SELU(),334,0.803435,0.373413,0.78,0.254216,0.771513,0.177347,0.77027,0.0,False,0.021281333333333336,blood-transfusion-service-center,13,exp0090_politica_1_oracle_1m1l_nosbss,,,Individual,Train,"[('train_overall_acc', 1), ('num_neurons', -1)]"
1043484,1043484,13374684,1734,False,1,1,35,4.3e-05,0.786667,0.457968,17,LeakyReLU(negative_slope=0.01),234,0.807252,0.384671,0.786667,0.320879,0.795252,0.332659,0.756757,0.189931,False,0.01372333333333331,blood-transfusion-service-center,14,exp0090_politica_1_oracle_1m1l_nosbss,,,Individual,Train,"[('train_overall_acc', 1), ('num_neurons', -1)]"
1049363,1049363,13380563,1527,False,7,7,28,3.6e-05,0.778524,0.514873,26,ReLU(),127,0.80381,0.372876,0.778524,0.230996,0.783383,0.268352,0.756757,0.050626,False,0.016857333333333353,blood-transfusion-service-center,11,exp0090_politica_1_oracle_1m1l_nosbss,,,Individual,Train,"[('train_overall_acc', 1), ('num_neurons', -1)]"
1054225,1054225,13385425,644,False,6,6,45,4.5e-05,0.786667,0.492045,46,Identity(),44,0.79771,0.343135,0.786667,0.340634,0.783383,0.290683,0.810811,0.386503,False,0.00955133333333332,blood-transfusion-service-center,4,exp0090_politica_1_oracle_1m1l_nosbss,,,Individual,Train,"[('train_overall_acc', 1), ('num_neurons', -1)]"
1060175,1060175,13391375,3144,False,7,7,45,3.3e-05,0.785235,0.671481,8,SELU(),344,0.8,0.389664,0.785235,0.310259,0.793769,0.323022,0.797297,0.295651,False,0.009843333333333351,blood-transfusion-service-center,8,exp0090_politica_1_oracle_1m1l_nosbss,,,Individual,Train,"[('train_overall_acc', 1), ('num_neurons', -1)]"
1065975,1065975,13397175,3087,False,6,6,88,4.1e-05,0.766667,0.848929,1,SELU(),387,0.772901,0.297744,0.766667,0.255314,0.755193,0.266829,0.72973,0.204093,False,0.011805333333333298,blood-transfusion-service-center,10,exp0090_politica_1_oracle_1m1l_nosbss,,,Individual,Train,"[('train_overall_acc', 1), ('num_neurons', -1)]"
1071370,1071370,13402570,81,False,0,0,82,4e-05,0.8,0.54592,36,Identity(),81,0.793893,0.343804,0.8,0.356305,0.781899,0.272596,0.77027,0.190849,False,0.012067333333333355,blood-transfusion-service-center,7,exp0090_politica_1_oracle_1m1l_nosbss,,,Individual,Train,"[('train_overall_acc', 1), ('num_neurons', -1)]"
1077383,1077383,13408583,2055,False,4,4,56,4e-05,0.78,0.495545,18,LeakyReLU(negative_slope=0.01),255,0.805344,0.385108,0.78,0.313107,0.784866,0.31994,0.783784,0.313621,False,0.01689599999999995,blood-transfusion-service-center,12,exp0090_politica_1_oracle_1m1l_nosbss,,,Individual,Train,"[('train_overall_acc', 1), ('num_neurons', -1)]"
1082513,1082513,13413713,3551,False,3,3,52,3.9e-05,0.806667,0.513899,4,GELU(approximate=False),451,0.801527,0.369262,0.806667,0.381719,0.790801,0.306127,0.783784,0.236946,False,0.010577333333333364,blood-transfusion-service-center,3,exp0090_politica_1_oracle_1m1l_nosbss,,,Individual,Train,"[('train_overall_acc', 1), ('num_neurons', -1)]"
1088072,1088072,13419272,2715,False,3,3,16,4.4e-05,0.786667,0.993623,16,SELU(),315,0.79771,0.364691,0.786667,0.283438,0.790801,0.318847,0.810811,0.386503,False,0.007362000000000017,blood-transfusion-service-center,15,exp0090_politica_1_oracle_1m1l_nosbss,,,Individual,Train,"[('train_overall_acc', 1), ('num_neurons', -1)]"
1093940,1093940,13425140,1807,False,2,2,8,5.2e-05,0.786667,0.811926,19,LeakyReLU(negative_slope=0.01),207,0.805344,0.376563,0.786667,0.404155,0.783383,0.389142,0.756757,0.284003,False,0.014640666666666599,blood-transfusion-service-center,1,exp0090_politica_1_oracle_1m1l_nosbss,,,Individual,Train,"[('train_overall_acc', 1), ('num_neurons', -1)]"
1099785,1099785,13430985,2112,False,5,5,13,,0.76,,4,LeakyReLU(negative_slope=0.01),212,0.793893,0.367597,0.76,0.0,0.761128,0.0,0.77027,0.0,False,0.0225953333333333,blood-transfusion-service-center,16,exp0090_politica_1_oracle_1m1l_nosbss,,,Individual,Train,"[('train_overall_acc', 1), ('num_neurons', -1)]"
1105984,1105984,13437184,3509,False,3,3,10,3.8e-05,0.76,0.52837,22,GELU(approximate=False),409,0.807252,0.4075,0.76,0.070769,0.774481,0.198542,0.77027,0.107082,False,0.031501333333333305,blood-transfusion-service-center,6,exp0090_politica_1_oracle_1m1l_nosbss,,,Individual,Train,"[('train_overall_acc', 1), ('num_neurons', -1)]"
1111209,1111209,13442409,968,False,1,1,69,2.3e-05,0.76,124023.796875,28,ReLU(),168,0.730337,0.327397,0.76,0.492366,0.710526,0.273095,0.666667,0.158114,False,0.03298266666666668,lsvt,17,exp0090_politica_1_oracle_1m1l_nosbss,,,Individual,Train,"[('train_overall_acc', 1), ('num_neurons', -1)]"
1116959,1116959,13448159,1737,False,1,1,38,4.3e-05,0.68,1159488.75,78,LeakyReLU(negative_slope=0.01),237,0.752809,0.394483,0.68,0.305556,0.719298,0.345098,0.75,0.426401,False,0.04853933333333327,lsvt,18,exp0090_politica_1_oracle_1m1l_nosbss,,,Individual,Train,"[('train_overall_acc', 1), ('num_neurons', -1)]"
1122204,1122204,13453404,3391,False,1,1,92,2.4e-05,0.692308,494988.875,44,GELU(approximate=False),491,0.715909,0.282192,0.692308,0.274874,0.666667,0.06742,0.666667,0.0,False,0.032828,lsvt,2,exp0090_politica_1_oracle_1m1l_nosbss,,,Individual,Train,"[('train_overall_acc', 1), ('num_neurons', -1)]"
1129560,1129560,13460760,926,False,1,1,27,4.6e-05,0.576923,5023994.5,95,ReLU(),126,0.715909,0.296307,0.576923,-0.210042,0.640351,-0.060578,0.583333,-0.213201,False,0.09265733333333337,lsvt,5,exp0090_politica_1_oracle_1m1l_nosbss,,,Individual,Train,"[('train_overall_acc', 1), ('num_neurons', -1)]"
1133747,1133747,13464947,1545,False,7,7,46,2.4e-05,0.76,150363.6875,48,ReLU(),145,0.719101,0.390835,0.76,0.458333,0.666667,0.109632,0.583333,-0.213201,False,0.062222,lsvt,0,exp0090_politica_1_oracle_1m1l_nosbss,,,Individual,Train,"[('train_overall_acc', 1), ('num_neurons', -1)]"
1139138,1139138,13470338,4292,False,2,2,93,1.8e-05,0.692308,0.679848,10,Sigmoid(),592,0.727273,0.367013,0.692308,0.0,0.666667,0.0,0.666667,0.0,False,0.04040399999999996,lsvt,13,exp0090_politica_1_oracle_1m1l_nosbss,,,Individual,Train,"[('train_overall_acc', 1), ('num_neurons', -1)]"
1145027,1145027,13476227,3190,False,7,7,91,2.2e-05,0.72,736909.25,31,SELU(),390,0.730337,0.39661,0.72,0.29756,0.666667,0.047246,0.666667,0.0,False,0.04244666666666667,lsvt,14,exp0090_politica_1_oracle_1m1l_nosbss,,,Individual,Train,"[('train_overall_acc', 1), ('num_neurons', -1)]"
1150798,1150798,13481998,2151,False,5,5,52,4.5e-05,0.68,192101.765625,74,LeakyReLU(negative_slope=0.01),251,0.741573,0.440175,0.68,0.235925,0.692982,0.22637,0.75,0.408248,False,0.04104866666666666,lsvt,11,exp0090_politica_1_oracle_1m1l_nosbss,,,Individual,Train,"[('train_overall_acc', 1), ('num_neurons', -1)]"
1155947,1155947,13487147,596,False,5,5,97,4.9e-05,0.76,290903.03125,80,Identity(),96,0.741573,0.447782,0.76,0.402309,0.692982,0.23301,0.75,0.426401,False,0.04467866666666668,lsvt,4,exp0090_politica_1_oracle_1m1l_nosbss,,,Individual,Train,"[('train_overall_acc', 1), ('num_neurons', -1)]"
1161485,1161485,13492685,970,False,1,1,71,2.4e-05,0.76,945353.75,74,ReLU(),170,0.752809,0.427731,0.76,0.492366,0.719298,0.30317,0.75,0.426401,False,0.02713466666666668,lsvt,8,exp0090_politica_1_oracle_1m1l_nosbss,,,Individual,Train,"[('train_overall_acc', 1), ('num_neurons', -1)]"
1167183,1167183,13498383,3865,False,6,6,66,2.5e-05,0.76,27668.634766,35,GELU(approximate=False),465,0.741573,0.440175,0.76,0.479167,0.710526,0.336184,0.666667,0.25,False,0.03298266666666668,lsvt,10,exp0090_politica_1_oracle_1m1l_nosbss,,,Individual,Train,"[('train_overall_acc', 1), ('num_neurons', -1)]"
1172535,1172535,13503735,1482,False,6,6,83,2.5e-05,0.708333,128551.5,65,ReLU(),182,0.744444,0.403447,0.708333,0.294884,0.710526,0.2732,0.75,0.408248,False,0.024074,lsvt,7,exp0090_politica_1_oracle_1m1l_nosbss,,,Individual,Train,"[('train_overall_acc', 1), ('num_neurons', -1)]"
1179414,1179414,13510614,155,False,1,1,56,3.6e-05,0.769231,697381.5625,17,Identity(),55,0.715909,0.303756,0.769231,0.469681,0.631579,0.171053,0.583333,0.408248,False,0.091768,lsvt,12,exp0090_politica_1_oracle_1m1l_nosbss,,,Individual,Train,"[('train_overall_acc', 1), ('num_neurons', -1)]"
1184657,1184657,13515857,1868,False,2,2,69,4.4e-05,0.769231,218256.46875,93,LeakyReLU(negative_slope=0.01),268,0.727273,0.353635,0.769231,0.408635,0.657895,0.144005,0.333333,-0.353553,False,0.074224,lsvt,3,exp0090_politica_1_oracle_1m1l_nosbss,,,Individual,Train,"[('train_overall_acc', 1), ('num_neurons', -1)]"
1188958,1188958,13520158,2761,False,3,3,62,3.4e-05,0.730769,275039.375,92,SELU(),361,0.75,0.439697,0.730769,0.309035,0.710526,0.288009,0.666667,0.0,False,0.026316000000000006,lsvt,15,exp0090_politica_1_oracle_1m1l_nosbss,,,Individual,Train,"[('train_overall_acc', 1), ('num_neurons', -1)]"
1195100,1195100,13526300,2118,False,5,5,19,4.5e-05,0.76,259528.640625,61,LeakyReLU(negative_slope=0.01),218,0.741573,0.366145,0.76,0.479167,0.692982,0.323126,0.5,0.0,False,0.04467866666666668,lsvt,1,exp0090_politica_1_oracle_1m1l_nosbss,,,Individual,Train,"[('train_overall_acc', 1), ('num_neurons', -1)]"
1201616,1201616,13532816,142,False,1,1,43,3.5e-05,0.64,33976260.0,1,Identity(),42,0.719101,0.306462,0.64,0.0,0.666667,0.0,0.666667,0.0,False,0.05273399999999998,lsvt,16,exp0090_politica_1_oracle_1m1l_nosbss,,,Individual,Train,"[('train_overall_acc', 1), ('num_neurons', -1)]"
1205820,1205820,13537020,1355,False,5,5,56,2.5e-05,0.72,505610.71875,72,ReLU(),155,0.752809,0.502529,0.72,0.27443,0.719298,0.306186,0.583333,-0.213201,False,0.022340666666666637,lsvt,6,exp0090_politica_1_oracle_1m1l_nosbss,,,Individual,Train,"[('train_overall_acc', 1), ('num_neurons', -1)]"
1211378,1211378,13542578,1533,False,7,7,34,3.2e-05,0.912281,0.250584,3,ReLU(),133,0.934837,0.860032,0.912281,0.813815,0.927875,0.847395,0.946429,0.888523,False,0.015037333333333347,wdbc,17,exp0090_politica_1_oracle_1m1l_nosbss,,,Individual,Train,"[('train_overall_acc', 1), ('num_neurons', -1)]"
1218455,1218455,13549655,2450,False,0,0,51,2.8e-05,0.894737,0.27041,6,SELU(),350,0.944862,0.882585,0.894737,0.774434,0.920078,0.831204,0.910714,0.811899,False,0.03341666666666665,wdbc,18,exp0090_politica_1_oracle_1m1l_nosbss,,,Individual,Train,"[('train_overall_acc', 1), ('num_neurons', -1)]"
1223139,1223139,13554339,2790,False,3,3,91,3.1e-05,0.903509,0.261788,4,SELU(),390,0.93985,0.871964,0.903509,0.791089,0.931774,0.854124,0.892857,0.772126,False,0.024227333333333306,wdbc,2,exp0090_politica_1_oracle_1m1l_nosbss,,,Individual,Train,"[('train_overall_acc', 1), ('num_neurons', -1)]"
1231308,1231308,13562508,1511,False,7,7,12,,0.631579,,0,ReLU(),111,0.9198,0.828385,0.631579,0.0,0.62768,0.0,0.625,0.0,False,0.19474666666666662,wdbc,5,exp0090_politica_1_oracle_1m1l_nosbss,,,Individual,Train,"[('train_overall_acc', 1), ('num_neurons', -1)]"
1234714,1234714,13565914,954,False,1,1,55,3.3e-05,0.903509,0.278426,2,ReLU(),154,0.93985,0.870802,0.903509,0.798635,0.916179,0.822337,0.892857,0.788356,False,0.024227333333333306,wdbc,0,exp0090_politica_1_oracle_1m1l_nosbss,,,Individual,Train,"[('train_overall_acc', 1), ('num_neurons', -1)]"
1238805,1238805,13570005,1336,False,5,5,37,3.2e-05,0.929825,0.188498,5,ReLU(),136,0.937343,0.865883,0.929825,0.849206,0.927875,0.84526,0.875,0.730564,False,0.006312000000000022,wdbc,13,exp0090_politica_1_oracle_1m1l_nosbss,,,Individual,Train,"[('train_overall_acc', 1), ('num_neurons', -1)]"
1245406,1245406,13576606,2360,False,7,7,61,3.5e-05,0.894737,0.292977,4,LeakyReLU(negative_slope=0.01),260,0.927318,0.845201,0.894737,0.774065,0.910331,0.811202,0.928571,0.852347,False,0.02172066666666665,wdbc,14,exp0090_politica_1_oracle_1m1l_nosbss,,,Individual,Train,"[('train_overall_acc', 1), ('num_neurons', -1)]"
1254085,1254085,13585285,2616,False,2,2,17,,0.622807,,0,SELU(),316,0.907268,0.799924,0.622807,0.0,0.62768,0.0,0.625,0.0,False,0.18964066666666665,wdbc,11,exp0090_politica_1_oracle_1m1l_nosbss,,,Individual,Train,"[('train_overall_acc', 1), ('num_neurons', -1)]"
1255888,1255888,13587088,2985,False,5,5,86,2.7e-05,0.938596,0.172525,8,SELU(),385,0.932331,0.855709,0.938596,0.871344,0.923977,0.840094,0.946429,0.894427,False,0.009745999999999958,wdbc,4,exp0090_politica_1_oracle_1m1l_nosbss,,,Individual,Train,"[('train_overall_acc', 1), ('num_neurons', -1)]"
1261552,1261552,13592752,1842,False,2,2,43,3.7e-05,0.903509,0.301758,2,LeakyReLU(negative_slope=0.01),242,0.924812,0.842278,0.903509,0.795614,0.916179,0.82048,0.946429,0.887425,False,0.014201999999999973,wdbc,8,exp0090_politica_1_oracle_1m1l_nosbss,,,Individual,Train,"[('train_overall_acc', 1), ('num_neurons', -1)]"
1268137,1268137,13599337,516,False,5,5,17,4e-05,0.894737,0.25185,4,Identity(),16,0.932331,0.8545,0.894737,0.774777,0.925926,0.841129,1.0,1.0,True,0.025062666666666678,wdbc,10,exp0090_politica_1_oracle_1m1l_nosbss,,,Individual,Train,"[('train_overall_acc', 1), ('num_neurons', -1)]"
1276124,1276124,13607324,2771,False,3,3,72,,0.631579,,0,SELU(),371,0.914787,0.816608,0.631579,0.0,0.62768,0.0,0.625,0.0,False,0.19140466666666667,wdbc,7,exp0090_politica_1_oracle_1m1l_nosbss,,,Individual,Train,"[('train_overall_acc', 1), ('num_neurons', -1)]"
1282139,1282139,13613339,4822,False,0,0,23,,0.622807,,0,Tanh(),622,0.927318,0.846043,0.622807,0.0,0.62768,0.0,0.625,0.0,False,0.20300733333333332,wdbc,12,exp0090_politica_1_oracle_1m1l_nosbss,,,Individual,Train,"[('train_overall_acc', 1), ('num_neurons', -1)]"
1286183,1286183,13617383,1635,False,0,0,36,3.7e-05,0.877193,0.333191,6,LeakyReLU(negative_slope=0.01),235,0.947368,0.887397,0.877193,0.737584,0.920078,0.830046,0.892857,0.780869,False,0.04678333333333332,wdbc,3,exp0090_politica_1_oracle_1m1l_nosbss,,,Individual,Train,"[('train_overall_acc', 1), ('num_neurons', -1)]"
1290775,1290775,13621975,3080,False,6,6,81,2.9e-05,0.903509,0.260696,7,SELU(),380,0.944862,0.882956,0.903509,0.790831,0.922027,0.833999,0.928571,0.847619,False,0.027568666666666648,wdbc,15,exp0090_politica_1_oracle_1m1l_nosbss,,,Individual,Train,"[('train_overall_acc', 1), ('num_neurons', -1)]"
1294780,1294780,13625980,3363,False,1,1,64,3e-05,0.921053,0.242523,4,GELU(approximate=False),463,0.934837,0.860138,0.921053,0.831831,0.931774,0.853811,0.964286,0.92381,False,0.009189333333333346,wdbc,1,exp0090_politica_1_oracle_1m1l_nosbss,,,Individual,Train,"[('train_overall_acc', 1), ('num_neurons', -1)]"
1301260,1301260,13632460,1544,False,7,7,45,3.2e-05,0.894737,0.291922,2,ReLU(),144,0.942356,0.876341,0.894737,0.782461,0.920078,0.833688,0.875,0.734847,False,0.031745999999999976,wdbc,16,exp0090_politica_1_oracle_1m1l_nosbss,,,Individual,Train,"[('train_overall_acc', 1), ('num_neurons', -1)]"
1306707,1306707,13637907,771,False,7,7,72,3.6e-05,0.938596,0.136072,5,Identity(),71,0.944862,0.882476,0.938596,0.867554,0.918129,0.828781,0.821429,0.627926,False,0.017822000000000005,wdbc,6,exp0090_politica_1_oracle_1m1l_nosbss,,,Individual,Train,"[('train_overall_acc', 1), ('num_neurons', -1)]"
1315881,1315881,13647081,1399,False,5,5,100,0.000186,0.904355,0.244412,95,ReLU(),199,0.936903,0.922171,0.904355,0.882633,0.92846,0.91177,0.894246,0.870156,False,0.021698666666666682,satimage,17,exp0090_politica_1_oracle_1m1l_nosbss,,,Individual,Train,"[('train_overall_acc', 1), ('num_neurons', -1)]"
1321401,1321401,13652601,1496,False,6,6,97,0.000196,0.916796,0.230408,98,ReLU(),196,0.936459,0.921572,0.916796,0.897444,0.93278,0.917122,0.903577,0.881274,True,0.013108666666666657,satimage,18,exp0090_politica_1_oracle_1m1l_nosbss,,,Individual,Train,"[('train_overall_acc', 1), ('num_neurons', -1)]"
1327158,1327158,13658358,2298,False,6,6,99,0.000199,0.914463,0.244748,97,LeakyReLU(negative_slope=0.01),298,0.938458,0.924064,0.914463,0.894612,0.934336,0.919037,0.900467,0.8772,True,0.01599666666666666,satimage,2,exp0090_politica_1_oracle_1m1l_nosbss,,,Individual,Train,"[('train_overall_acc', 1), ('num_neurons', -1)]"
1332794,1332794,13663994,1596,False,7,7,97,0.000191,0.895801,0.283977,98,ReLU(),196,0.935348,0.920215,0.895801,0.871339,0.926387,0.909226,0.906687,0.884652,False,0.026364666666666665,satimage,5,exp0090_politica_1_oracle_1m1l_nosbss,,,Individual,Train,"[('train_overall_acc', 1), ('num_neurons', -1)]"
1338283,1338283,13669483,896,False,0,0,97,0.000203,0.906687,0.251396,99,ReLU(),196,0.937347,0.922719,0.906687,0.884916,0.932953,0.9174,0.894246,0.869394,False,0.020440000000000014,satimage,0,exp0090_politica_1_oracle_1m1l_nosbss,,,Individual,Train,"[('train_overall_acc', 1), ('num_neurons', -1)]"
1343994,1343994,13675194,2196,False,5,5,97,0.000205,0.898134,0.2872,99,LeakyReLU(negative_slope=0.01),296,0.940458,0.926537,0.898134,0.874161,0.93088,0.914719,0.914463,0.894492,True,0.02821600000000002,satimage,13,exp0090_politica_1_oracle_1m1l_nosbss,,,Individual,Train,"[('train_overall_acc', 1), ('num_neurons', -1)]"
1349386,1349386,13680586,1097,False,2,2,98,0.000197,0.908243,0.258721,98,ReLU(),197,0.93357,0.918039,0.908243,0.886969,0.927424,0.910553,0.934681,0.919667,False,0.01688466666666666,satimage,14,exp0090_politica_1_oracle_1m1l_nosbss,,,Individual,Train,"[('train_overall_acc', 1), ('num_neurons', -1)]"
1355167,1355167,13686367,888,False,0,0,89,0.000205,0.902022,0.241046,98,ReLU(),188,0.934015,0.918589,0.902022,0.878874,0.929497,0.912948,0.916019,0.896924,True,0.0213286666666667,satimage,11,exp0090_politica_1_oracle_1m1l_nosbss,,,Individual,Train,"[('train_overall_acc', 1), ('num_neurons', -1)]"
1360795,1360795,13691995,2398,False,7,7,99,0.000194,0.901244,0.266977,96,LeakyReLU(negative_slope=0.01),298,0.937569,0.923004,0.901244,0.878072,0.930188,0.913866,0.911353,0.890847,False,0.024216666666666626,satimage,4,exp0090_politica_1_oracle_1m1l_nosbss,,,Individual,Train,"[('train_overall_acc', 1), ('num_neurons', -1)]"
1366392,1366392,13697592,1390,False,5,5,91,0.0002,0.891913,0.287131,97,ReLU(),190,0.936236,0.921339,0.891913,0.866431,0.927424,0.910393,0.909798,0.888737,False,0.029548666666666668,satimage,8,exp0090_politica_1_oracle_1m1l_nosbss,,,Individual,Train,"[('train_overall_acc', 1), ('num_neurons', -1)]"
1371986,1371986,13703186,1499,False,6,6,100,0.000189,0.895023,0.261277,98,ReLU(),199,0.936014,0.921084,0.895023,0.870487,0.92656,0.909456,0.902022,0.879127,False,0.027327333333333332,satimage,10,exp0090_politica_1_oracle_1m1l_nosbss,,,Individual,Train,"[('train_overall_acc', 1), ('num_neurons', -1)]"
1377007,1377007,13708207,1699,False,0,0,100,0.00019,0.909798,0.252363,98,LeakyReLU(negative_slope=0.01),299,0.934459,0.91917,0.909798,0.888752,0.927769,0.910843,0.906687,0.884961,False,0.016440666666666697,satimage,7,exp0090_politica_1_oracle_1m1l_nosbss,,,Individual,Train,"[('train_overall_acc', 1), ('num_neurons', -1)]"
1382914,1382914,13714114,2092,False,4,4,93,0.000191,0.90902,0.245233,93,LeakyReLU(negative_slope=0.01),292,0.937125,0.922372,0.90902,0.88767,0.929324,0.912813,0.883359,0.856084,False,0.018736666666666624,satimage,12,exp0090_politica_1_oracle_1m1l_nosbss,,,Individual,Train,"[('train_overall_acc', 1), ('num_neurons', -1)]"
1388798,1388798,13719998,991,False,1,1,92,0.000207,0.892691,0.273192,99,ReLU(),191,0.937125,0.92242,0.892691,0.867802,0.928115,0.911479,0.908243,0.886936,False,0.029622666666666648,satimage,3,exp0090_politica_1_oracle_1m1l_nosbss,,,Individual,Train,"[('train_overall_acc', 1), ('num_neurons', -1)]"
1394393,1394393,13725593,2092,False,4,4,93,0.000211,0.904355,0.273452,98,LeakyReLU(negative_slope=0.01),292,0.936236,0.921344,0.904355,0.882155,0.929152,0.912635,0.909798,0.889074,False,0.021253999999999957,satimage,15,exp0090_politica_1_oracle_1m1l_nosbss,,,Individual,Train,"[('train_overall_acc', 1), ('num_neurons', -1)]"
1399899,1399899,13731099,1197,False,3,3,98,0.000193,0.911353,0.233906,96,ReLU(),197,0.93557,0.920511,0.911353,0.890759,0.929843,0.913471,0.900467,0.877724,False,0.016144666666666696,satimage,1,exp0090_politica_1_oracle_1m1l_nosbss,,,Individual,Train,"[('train_overall_acc', 1), ('num_neurons', -1)]"
1405556,1405556,13736756,1091,False,2,2,92,0.000211,0.902022,0.262597,99,ReLU(),191,0.938902,0.924608,0.902022,0.879179,0.932435,0.916675,0.897356,0.873459,True,0.024586666666666684,satimage,16,exp0090_politica_1_oracle_1m1l_nosbss,,,Individual,Train,"[('train_overall_acc', 1), ('num_neurons', -1)]"
1411195,1411195,13742395,1097,False,2,2,98,0.000197,0.902022,0.246813,97,ReLU(),197,0.939569,0.925485,0.902022,0.879072,0.931398,0.915368,0.892691,0.867439,False,0.025031333333333333,satimage,6,exp0090_politica_1_oracle_1m1l_nosbss,,,Individual,Train,"[('train_overall_acc', 1), ('num_neurons', -1)]"
2826355,3190355,27051955,896,False,0,0,97,0.000144,0.752525,0.915268,99,ReLU(),196,0.796537,0.776997,0.752525,0.728986,0.785634,0.764886,0.626263,0.590615,True,0.02934133333333337,vowel(2),17,exp0090_politica_1_oracle_1m1l_nosbss,,,Individual,Train,"[('train_overall_acc', 1), ('num_neurons', -1)]"
2831373,3195373,27056973,3787,False,5,5,88,0.000152,0.737374,0.926638,97,GELU(),487,0.776335,0.755248,0.737374,0.712472,0.771044,0.749451,0.787879,0.769261,True,0.025974000000000014,vowel(2),18,exp0090_politica_1_oracle_1m1l_nosbss,,,Individual,Train,"[('train_overall_acc', 1), ('num_neurons', -1)]"
2834961,3198961,27060561,3797,False,5,5,98,0.000141,0.767677,0.872958,96,GELU(),497,0.786436,0.766013,0.767677,0.745135,0.786756,0.766302,0.707071,0.681227,True,0.012719333333333305,vowel(2),2,exp0090_politica_1_oracle_1m1l_nosbss,,,Individual,Train,"[('train_overall_acc', 1), ('num_neurons', -1)]"
2844630,3208630,27070230,3590,False,3,3,91,0.000146,0.686869,0.926448,95,GELU(),490,0.786436,0.765727,0.686869,0.656514,0.768799,0.746204,0.707071,0.678693,False,0.06637800000000005,vowel(2),5,exp0090_politica_1_oracle_1m1l_nosbss,,,Individual,Train,"[('train_overall_acc', 1), ('num_neurons', -1)]"
2849590,3213590,27075190,3999,False,7,7,100,0.000139,0.722222,0.934288,95,GELU(),499,0.786436,0.76605,0.722222,0.696205,0.776655,0.755133,0.767677,0.745701,True,0.04280933333333333,vowel(2),0,exp0090_politica_1_oracle_1m1l_nosbss,,,Individual,Train,"[('train_overall_acc', 1), ('num_neurons', -1)]"
2854611,3218611,27080211,3596,False,3,3,97,0.000143,0.757576,0.884824,97,GELU(),496,0.813853,0.796242,0.757576,0.735649,0.805836,0.78749,0.626263,0.594317,True,0.03751800000000002,vowel(2),13,exp0090_politica_1_oracle_1m1l_nosbss,,,Individual,Train,"[('train_overall_acc', 1), ('num_neurons', -1)]"
2860609,3224609,27086209,3296,False,0,0,97,0.000143,0.747475,0.872759,97,GELU(),496,0.802309,0.783594,0.747475,0.725569,0.790123,0.770472,0.666667,0.63634,True,0.03655600000000003,vowel(2),14,exp0090_politica_1_oracle_1m1l_nosbss,,,Individual,Train,"[('train_overall_acc', 1), ('num_neurons', -1)]"
2867098,3231098,27092698,3799,False,5,5,100,0.000142,0.742424,0.857985,96,GELU(),499,0.802309,0.784647,0.742424,0.719478,0.79349,0.774399,0.757576,0.734075,True,0.03992333333333339,vowel(2),11,exp0090_politica_1_oracle_1m1l_nosbss,,,Individual,Train,"[('train_overall_acc', 1), ('num_neurons', -1)]"
2872787,3236787,27098387,3396,False,1,1,97,0.000142,0.656566,0.961413,98,GELU(),496,0.777778,0.756688,0.656566,0.623905,0.756453,0.733092,0.767677,0.747048,False,0.08080799999999999,vowel(2),4,exp0090_politica_1_oracle_1m1l_nosbss,,,Individual,Train,"[('train_overall_acc', 1), ('num_neurons', -1)]"
2878033,3242033,27103633,3797,False,5,5,98,0.000139,0.686869,0.988417,99,GELU(),497,0.792208,0.772246,0.686869,0.657588,0.777778,0.756481,0.676768,0.647431,False,0.07022600000000005,vowel(2),8,exp0090_politica_1_oracle_1m1l_nosbss,,,Individual,Train,"[('train_overall_acc', 1), ('num_neurons', -1)]"
2883028,3247028,27108628,3598,False,3,3,99,0.000143,0.747475,0.840439,98,GELU(),498,0.802309,0.783292,0.747475,0.724748,0.790123,0.770375,0.686869,0.657997,True,0.03655600000000003,vowel(2),10,exp0090_politica_1_oracle_1m1l_nosbss,,,Individual,Train,"[('train_overall_acc', 1), ('num_neurons', -1)]"
2887421,3251421,27113021,3595,False,3,3,96,0.000149,0.737374,0.912633,99,GELU(),495,0.786436,0.766596,0.737374,0.712793,0.775533,0.754432,0.787879,0.770743,False,0.032708000000000036,vowel(2),7,exp0090_politica_1_oracle_1m1l_nosbss,,,Individual,Train,"[('train_overall_acc', 1), ('num_neurons', -1)]"
2894960,3258960,27120560,3296,False,0,0,97,0.000151,0.661616,0.948157,98,GELU(),496,0.806638,0.788427,0.661616,0.630134,0.774411,0.752863,0.686869,0.657997,False,0.09668133333333333,vowel(2),12,exp0090_politica_1_oracle_1m1l_nosbss,,,Individual,Train,"[('train_overall_acc', 1), ('num_neurons', -1)]"
2900443,3264443,27126043,3286,False,0,0,87,0.000156,0.712121,0.917714,97,GELU(),486,0.799423,0.780136,0.712121,0.684179,0.780022,0.758865,0.737374,0.712311,True,0.05820133333333333,vowel(2),3,exp0090_politica_1_oracle_1m1l_nosbss,,,Individual,Train,"[('train_overall_acc', 1), ('num_neurons', -1)]"
2905801,3269801,27131401,3583,False,3,3,84,0.000155,0.69697,0.963861,97,GELU(),483,0.78355,0.762572,0.69697,0.667529,0.771044,0.748799,0.717172,0.69397,True,0.057719999999999994,vowel(2),15,exp0090_politica_1_oracle_1m1l_nosbss,,,Individual,Train,"[('train_overall_acc', 1), ('num_neurons', -1)]"
2910911,3274911,27136511,3897,False,6,6,98,0.000145,0.722222,0.987763,98,GELU(),497,0.805195,0.786569,0.722222,0.697919,0.787879,0.76757,0.707071,0.680148,True,0.05531533333333331,vowel(2),1,exp0090_politica_1_oracle_1m1l_nosbss,,,Individual,Train,"[('train_overall_acc', 1), ('num_neurons', -1)]"
2915157,3279157,27140757,3397,False,1,1,98,0.000141,0.747475,0.885457,99,GELU(),497,0.782107,0.76134,0.747475,0.724892,0.781145,0.760505,0.727273,0.703722,False,0.023087999999999997,vowel(2),16,exp0090_politica_1_oracle_1m1l_nosbss,,,Individual,Train,"[('train_overall_acc', 1), ('num_neurons', -1)]"
2922630,3286630,27148230,3491,False,2,2,92,0.000149,0.712121,0.921019,98,GELU(),491,0.787879,0.767497,0.712121,0.683852,0.769921,0.747765,0.727273,0.701893,True,0.050505333333333326,vowel(2),6,exp0090_politica_1_oracle_1m1l_nosbss,,,Individual,Train,"[('train_overall_acc', 1), ('num_neurons', -1)]"
